1	Sino-Tibetan	89	18	(78, 2)
1	Austronesian	319	64	(89, 2)
1	Mande	7	2	(50, 2)
1	Atlantic-Congo	144	29	(52, 2)
1	Pano-Tacanan	11	3	(100, 2)
1	Pama-Nyungan	58	12	(83, 2)
1	Arawakan	32	7	(86, 2)
1	Tupian	18	4	(100, 2)
1	Hmong-Mien	9	2	(100, 2)
1	Indo-European	49	10	(100, 2)
1	Afro-Asiatic	43	9	(78, 2)
1	Tucanoan	10	2	(100, 2)
1	Chocoan	5	1	(100, 2)
1	Chibchan	16	4	(75, 2)
1	Quechuan	6	2	(100, 2)
1	Cariban	11	3	(100, 2)
1	Uto-Aztecan	29	6	(100, 2)
1	Nuclear-Macro-Je	7	2	(0, 2)
1	Nyulnyulan	5	1	(100, 2)
1	Nakh-Daghestanian	20	4	(75, 2)
1	Turkic	14	3	(100, 2)
1	Uralic	19	4	(100, 2)
1	Salishan	7	2	(100, 2)
1	Tai-Kadai	5	1	(100, 2)
1	Austroasiatic	55	11	(91, 2)
1	Koiarian	6	2	(100, 2)
1	Nuclear Trans New Guinea	40	8	(25, 2)
1	Mongolic-Khitan	5	1	(100, 2)
1	Dravidian	13	3	(100, 2)
1	Tungusic	8	2	(100, 2)
1	Unclassified	167	34	(0, 2)
2	Sino-Tibetan	89	18	(89, 2)
2	Austronesian	319	64	(81, 2)
2	Mande	7	2	(0, 2)
2	Atlantic-Congo	144	29	(90, 2)
2	Pano-Tacanan	11	3	(100, 2)
2	Pama-Nyungan	58	12	(92, 2)
2	Arawakan	32	7	(57, 2)
2	Tupian	18	4	(100, 2)
2	Hmong-Mien	9	2	(100, 2)
2	Indo-European	49	10	(100, 2)
2	Afro-Asiatic	43	9	(44, 2)
2	Tucanoan	10	2	(100, 2)
2	Chocoan	5	1	(100, 2)
2	Chibchan	16	4	(75, 2)
2	Quechuan	6	2	(100, 2)
2	Cariban	11	3	(100, 2)
2	Uto-Aztecan	29	6	(100, 2)
2	Nuclear-Macro-Je	7	2	(0, 2)
2	Nyulnyulan	5	1	(100, 2)
2	Nakh-Daghestanian	20	4	(100, 2)
2	Turkic	14	3	(100, 2)
2	Uralic	19	4	(100, 2)
2	Salishan	7	2	(50, 2)
2	Tai-Kadai	5	1	(100, 2)
2	Austroasiatic	55	11	(91, 2)
2	Koiarian	6	2	(100, 2)
2	Nuclear Trans New Guinea	40	8	(12, 2)
2	Mongolic-Khitan	5	1	(100, 2)
2	Dravidian	13	3	(100, 2)
2	Tungusic	8	2	(100, 2)
2	Unclassified	167	34	(0, 2)
3	Sino-Tibetan	89	18	(89, 2)
3	Austronesian	319	64	(92, 2)
3	Mande	7	2	(100, 2)
3	Atlantic-Congo	144	29	(66, 2)
3	Pano-Tacanan	11	3	(100, 2)
3	Pama-Nyungan	58	12	(92, 2)
3	Arawakan	32	7	(43, 2)
3	Tupian	18	4	(100, 2)
3	Hmong-Mien	9	2	(100, 2)
3	Indo-European	49	10	(100, 2)
3	Afro-Asiatic	43	9	(89, 2)
3	Tucanoan	10	2	(100, 2)
3	Chocoan	5	1	(100, 2)
3	Chibchan	16	4	(100, 2)
3	Quechuan	6	2	(100, 2)
3	Cariban	11	3	(100, 2)
3	Uto-Aztecan	29	6	(100, 2)
3	Nuclear-Macro-Je	7	2	(0, 2)
3	Nyulnyulan	5	1	(100, 2)
3	Nakh-Daghestanian	20	4	(100, 2)
3	Turkic	14	3	(100, 2)
3	Uralic	19	4	(100, 2)
3	Salishan	7	2	(50, 2)
3	Tai-Kadai	5	1	(100, 2)
3	Austroasiatic	55	11	(91, 2)
3	Koiarian	6	2	(100, 2)
3	Nuclear Trans New Guinea	40	8	(38, 2)
3	Mongolic-Khitan	5	1	(100, 2)
3	Dravidian	13	3	(100, 2)
3	Tungusic	8	2	(100, 2)
3	Unclassified	167	34	(0, 2)
4	Sino-Tibetan	89	18	(94, 2)
4	Austronesian	319	64	(91, 2)
4	Mande	7	2	(0, 2)
4	Atlantic-Congo	144	29	(83, 2)
4	Pano-Tacanan	11	3	(100, 2)
4	Pama-Nyungan	58	12	(92, 2)
4	Arawakan	32	7	(86, 2)
4	Tupian	18	4	(100, 2)
4	Hmong-Mien	9	2	(100, 2)
4	Indo-European	49	10	(100, 2)
4	Afro-Asiatic	43	9	(67, 2)
4	Tucanoan	10	2	(100, 2)
4	Chocoan	5	1	(100, 2)
4	Chibchan	16	4	(75, 2)
4	Quechuan	6	2	(100, 2)
4	Cariban	11	3	(100, 2)
4	Uto-Aztecan	29	6	(100, 2)
4	Nuclear-Macro-Je	7	2	(0, 2)
4	Nyulnyulan	5	1	(100, 2)
4	Nakh-Daghestanian	20	4	(50, 2)
4	Turkic	14	3	(100, 2)
4	Uralic	19	4	(100, 2)
4	Salishan	7	2	(50, 2)
4	Tai-Kadai	5	1	(100, 2)
4	Austroasiatic	55	11	(91, 2)
4	Koiarian	6	2	(100, 2)
4	Nuclear Trans New Guinea	40	8	(75, 2)
4	Mongolic-Khitan	5	1	(100, 2)
4	Dravidian	13	3	(100, 2)
4	Tungusic	8	2	(100, 2)
4	Unclassified	167	34	(0, 2)
5	Sino-Tibetan	89	18	(83, 2)
5	Austronesian	319	64	(81, 2)
5	Mande	7	2	(50, 2)
5	Atlantic-Congo	144	29	(55, 2)
5	Pano-Tacanan	11	3	(100, 2)
5	Pama-Nyungan	58	12	(92, 2)
5	Arawakan	32	7	(86, 2)
5	Tupian	18	4	(100, 2)
5	Hmong-Mien	9	2	(100, 2)
5	Indo-European	49	10	(100, 2)
5	Afro-Asiatic	43	9	(89, 2)
5	Tucanoan	10	2	(100, 2)
5	Chocoan	5	1	(100, 2)
5	Chibchan	16	4	(75, 2)
5	Quechuan	6	2	(100, 2)
5	Cariban	11	3	(100, 2)
5	Uto-Aztecan	29	6	(100, 2)
5	Nuclear-Macro-Je	7	2	(0, 2)
5	Nyulnyulan	5	1	(100, 2)
5	Nakh-Daghestanian	20	4	(75, 2)
5	Turkic	14	3	(100, 2)
5	Uralic	19	4	(100, 2)
5	Salishan	7	2	(50, 2)
5	Tai-Kadai	5	1	(100, 2)
5	Austroasiatic	55	11	(91, 2)
5	Koiarian	6	2	(100, 2)
5	Nuclear Trans New Guinea	40	8	(62, 2)
5	Mongolic-Khitan	5	1	(100, 2)
5	Dravidian	13	3	(100, 2)
5	Tungusic	8	2	(100, 2)
5	Unclassified	167	34	(0, 2)
6	Sino-Tibetan	89	18	(83, 2)
6	Austronesian	319	64	(86, 2)
6	Mande	7	2	(50, 2)
6	Atlantic-Congo	144	29	(69, 2)
6	Pano-Tacanan	11	3	(100, 2)
6	Pama-Nyungan	58	12	(100, 2)
6	Arawakan	32	7	(100, 2)
6	Tupian	18	4	(75, 2)
6	Hmong-Mien	9	2	(100, 2)
6	Indo-European	49	10	(100, 2)
6	Afro-Asiatic	43	9	(78, 2)
6	Tucanoan	10	2	(100, 2)
6	Chocoan	5	1	(100, 2)
6	Chibchan	16	4	(75, 2)
6	Quechuan	6	2	(100, 2)
6	Cariban	11	3	(100, 2)
6	Uto-Aztecan	29	6	(100, 2)
6	Nuclear-Macro-Je	7	2	(0, 2)
6	Nyulnyulan	5	1	(100, 2)
6	Nakh-Daghestanian	20	4	(75, 2)
6	Turkic	14	3	(100, 2)
6	Uralic	19	4	(100, 2)
6	Salishan	7	2	(100, 2)
6	Tai-Kadai	5	1	(100, 2)
6	Austroasiatic	55	11	(100, 2)
6	Koiarian	6	2	(100, 2)
6	Nuclear Trans New Guinea	40	8	(25, 2)
6	Mongolic-Khitan	5	1	(100, 2)
6	Dravidian	13	3	(100, 2)
6	Tungusic	8	2	(100, 2)
6	Unclassified	167	34	(0, 2)
7	Sino-Tibetan	89	18	(83, 2)
7	Austronesian	319	64	(95, 2)
7	Mande	7	2	(50, 2)
7	Atlantic-Congo	144	29	(59, 2)
7	Pano-Tacanan	11	3	(100, 2)
7	Pama-Nyungan	58	12	(100, 2)
7	Arawakan	32	7	(71, 2)
7	Tupian	18	4	(100, 2)
7	Hmong-Mien	9	2	(100, 2)
7	Indo-European	49	10	(100, 2)
7	Afro-Asiatic	43	9	(44, 2)
7	Tucanoan	10	2	(100, 2)
7	Chocoan	5	1	(100, 2)
7	Chibchan	16	4	(100, 2)
7	Quechuan	6	2	(100, 2)
7	Cariban	11	3	(100, 2)
7	Uto-Aztecan	29	6	(100, 2)
7	Nuclear-Macro-Je	7	2	(0, 2)
7	Nyulnyulan	5	1	(100, 2)
7	Nakh-Daghestanian	20	4	(100, 2)
7	Turkic	14	3	(100, 2)
7	Uralic	19	4	(100, 2)
7	Salishan	7	2	(50, 2)
7	Tai-Kadai	5	1	(100, 2)
7	Austroasiatic	55	11	(82, 2)
7	Koiarian	6	2	(100, 2)
7	Nuclear Trans New Guinea	40	8	(38, 2)
7	Mongolic-Khitan	5	1	(100, 2)
7	Dravidian	13	3	(100, 2)
7	Tungusic	8	2	(100, 2)
7	Unclassified	167	34	(0, 2)
8	Sino-Tibetan	89	18	(83, 2)
8	Austronesian	319	64	(88, 2)
8	Mande	7	2	(50, 2)
8	Atlantic-Congo	144	29	(72, 2)
8	Pano-Tacanan	11	3	(100, 2)
8	Pama-Nyungan	58	12	(75, 2)
8	Arawakan	32	7	(86, 2)
8	Tupian	18	4	(75, 2)
8	Hmong-Mien	9	2	(100, 2)
8	Indo-European	49	10	(100, 2)
8	Afro-Asiatic	43	9	(89, 2)
8	Tucanoan	10	2	(100, 2)
8	Chocoan	5	1	(100, 2)
8	Chibchan	16	4	(100, 2)
8	Quechuan	6	2	(100, 2)
8	Cariban	11	3	(100, 2)
8	Uto-Aztecan	29	6	(100, 2)
8	Nuclear-Macro-Je	7	2	(0, 2)
8	Nyulnyulan	5	1	(100, 2)
8	Nakh-Daghestanian	20	4	(100, 2)
8	Turkic	14	3	(100, 2)
8	Uralic	19	4	(100, 2)
8	Salishan	7	2	(50, 2)
8	Tai-Kadai	5	1	(100, 2)
8	Austroasiatic	55	11	(100, 2)
8	Koiarian	6	2	(100, 2)
8	Nuclear Trans New Guinea	40	8	(38, 2)
8	Mongolic-Khitan	5	1	(100, 2)
8	Dravidian	13	3	(100, 2)
8	Tungusic	8	2	(100, 2)
8	Unclassified	167	34	(0, 2)
9	Sino-Tibetan	89	18	(100, 2)
9	Austronesian	319	64	(86, 2)
9	Mande	7	2	(50, 2)
9	Atlantic-Congo	144	29	(66, 2)
9	Pano-Tacanan	11	3	(100, 2)
9	Pama-Nyungan	58	12	(100, 2)
9	Arawakan	32	7	(57, 2)
9	Tupian	18	4	(100, 2)
9	Hmong-Mien	9	2	(100, 2)
9	Indo-European	49	10	(100, 2)
9	Afro-Asiatic	43	9	(78, 2)
9	Tucanoan	10	2	(100, 2)
9	Chocoan	5	1	(100, 2)
9	Chibchan	16	4	(75, 2)
9	Quechuan	6	2	(100, 2)
9	Cariban	11	3	(100, 2)
9	Uto-Aztecan	29	6	(100, 2)
9	Nuclear-Macro-Je	7	2	(0, 2)
9	Nyulnyulan	5	1	(100, 2)
9	Nakh-Daghestanian	20	4	(100, 2)
9	Turkic	14	3	(100, 2)
9	Uralic	19	4	(100, 2)
9	Salishan	7	2	(100, 2)
9	Tai-Kadai	5	1	(100, 2)
9	Austroasiatic	55	11	(100, 2)
9	Koiarian	6	2	(100, 2)
9	Nuclear Trans New Guinea	40	8	(50, 2)
9	Mongolic-Khitan	5	1	(100, 2)
9	Dravidian	13	3	(100, 2)
9	Tungusic	8	2	(100, 2)
9	Unclassified	167	34	(0, 2)
10	Sino-Tibetan	89	18	(94, 2)
10	Austronesian	319	64	(84, 2)
10	Mande	7	2	(0, 2)
10	Atlantic-Congo	144	29	(72, 2)
10	Pano-Tacanan	11	3	(100, 2)
10	Pama-Nyungan	58	12	(75, 2)
10	Arawakan	32	7	(71, 2)
10	Tupian	18	4	(100, 2)
10	Hmong-Mien	9	2	(100, 2)
10	Indo-European	49	10	(100, 2)
10	Afro-Asiatic	43	9	(89, 2)
10	Tucanoan	10	2	(100, 2)
10	Chocoan	5	1	(100, 2)
10	Chibchan	16	4	(75, 2)
10	Quechuan	6	2	(100, 2)
10	Cariban	11	3	(100, 2)
10	Uto-Aztecan	29	6	(100, 2)
10	Nuclear-Macro-Je	7	2	(0, 2)
10	Nyulnyulan	5	1	(100, 2)
10	Nakh-Daghestanian	20	4	(75, 2)
10	Turkic	14	3	(100, 2)
10	Uralic	19	4	(100, 2)
10	Salishan	7	2	(100, 2)
10	Tai-Kadai	5	1	(100, 2)
10	Austroasiatic	55	11	(82, 2)
10	Koiarian	6	2	(100, 2)
10	Nuclear Trans New Guinea	40	8	(62, 2)
10	Mongolic-Khitan	5	1	(100, 2)
10	Dravidian	13	3	(100, 2)
10	Tungusic	8	2	(100, 2)
10	Unclassified	167	34	(0, 2)
11	Sino-Tibetan	89	18	(78, 2)
11	Austronesian	319	64	(81, 2)
11	Mande	7	2	(100, 2)
11	Atlantic-Congo	144	29	(72, 2)
11	Pano-Tacanan	11	3	(100, 2)
11	Pama-Nyungan	58	12	(92, 2)
11	Arawakan	32	7	(71, 2)
11	Tupian	18	4	(100, 2)
11	Hmong-Mien	9	2	(100, 2)
11	Indo-European	49	10	(100, 2)
11	Afro-Asiatic	43	9	(78, 2)
11	Tucanoan	10	2	(100, 2)
11	Chocoan	5	1	(100, 2)
11	Chibchan	16	4	(100, 2)
11	Quechuan	6	2	(100, 2)
11	Cariban	11	3	(100, 2)
11	Uto-Aztecan	29	6	(100, 2)
11	Nuclear-Macro-Je	7	2	(0, 2)
11	Nyulnyulan	5	1	(100, 2)
11	Nakh-Daghestanian	20	4	(100, 2)
11	Turkic	14	3	(100, 2)
11	Uralic	19	4	(100, 2)
11	Salishan	7	2	(50, 2)
11	Tai-Kadai	5	1	(100, 2)
11	Austroasiatic	55	11	(91, 2)
11	Koiarian	6	2	(100, 2)
11	Nuclear Trans New Guinea	40	8	(62, 2)
11	Mongolic-Khitan	5	1	(100, 2)
11	Dravidian	13	3	(100, 2)
11	Tungusic	8	2	(100, 2)
11	Unclassified	167	34	(0, 2)
12	Sino-Tibetan	89	18	(83, 2)
12	Austronesian	319	64	(88, 2)
12	Mande	7	2	(100, 2)
12	Atlantic-Congo	144	29	(72, 2)
12	Pano-Tacanan	11	3	(100, 2)
12	Pama-Nyungan	58	12	(83, 2)
12	Arawakan	32	7	(86, 2)
12	Tupian	18	4	(100, 2)
12	Hmong-Mien	9	2	(100, 2)
12	Indo-European	49	10	(100, 2)
12	Afro-Asiatic	43	9	(78, 2)
12	Tucanoan	10	2	(100, 2)
12	Chocoan	5	1	(100, 2)
12	Chibchan	16	4	(75, 2)
12	Quechuan	6	2	(100, 2)
12	Cariban	11	3	(100, 2)
12	Uto-Aztecan	29	6	(100, 2)
12	Nuclear-Macro-Je	7	2	(0, 2)
12	Nyulnyulan	5	1	(100, 2)
12	Nakh-Daghestanian	20	4	(100, 2)
12	Turkic	14	3	(100, 2)
12	Uralic	19	4	(100, 2)
12	Salishan	7	2	(100, 2)
12	Tai-Kadai	5	1	(100, 2)
12	Austroasiatic	55	11	(73, 2)
12	Koiarian	6	2	(100, 2)
12	Nuclear Trans New Guinea	40	8	(75, 2)
12	Mongolic-Khitan	5	1	(100, 2)
12	Dravidian	13	3	(100, 2)
12	Tungusic	8	2	(100, 2)
12	Unclassified	167	34	(0, 2)
13	Sino-Tibetan	89	18	(72, 2)
13	Austronesian	319	64	(95, 2)
13	Mande	7	2	(100, 2)
13	Atlantic-Congo	144	29	(69, 2)
13	Pano-Tacanan	11	3	(100, 2)
13	Pama-Nyungan	58	12	(92, 2)
13	Arawakan	32	7	(86, 2)
13	Tupian	18	4	(100, 2)
13	Hmong-Mien	9	2	(100, 2)
13	Indo-European	49	10	(100, 2)
13	Afro-Asiatic	43	9	(89, 2)
13	Tucanoan	10	2	(100, 2)
13	Chocoan	5	1	(100, 2)
13	Chibchan	16	4	(100, 2)
13	Quechuan	6	2	(100, 2)
13	Cariban	11	3	(100, 2)
13	Uto-Aztecan	29	6	(100, 2)
13	Nuclear-Macro-Je	7	2	(0, 2)
13	Nyulnyulan	5	1	(100, 2)
13	Nakh-Daghestanian	20	4	(75, 2)
13	Turkic	14	3	(100, 2)
13	Uralic	19	4	(100, 2)
13	Salishan	7	2	(50, 2)
13	Tai-Kadai	5	1	(100, 2)
13	Austroasiatic	55	11	(91, 2)
13	Koiarian	6	2	(100, 2)
13	Nuclear Trans New Guinea	40	8	(38, 2)
13	Mongolic-Khitan	5	1	(100, 2)
13	Dravidian	13	3	(100, 2)
13	Tungusic	8	2	(100, 2)
13	Unclassified	167	34	(0, 2)
14	Sino-Tibetan	89	18	(94, 2)
14	Austronesian	319	64	(89, 2)
14	Mande	7	2	(100, 2)
14	Atlantic-Congo	144	29	(59, 2)
14	Pano-Tacanan	11	3	(100, 2)
14	Pama-Nyungan	58	12	(75, 2)
14	Arawakan	32	7	(71, 2)
14	Tupian	18	4	(100, 2)
14	Hmong-Mien	9	2	(100, 2)
14	Indo-European	49	10	(100, 2)
14	Afro-Asiatic	43	9	(44, 2)
14	Tucanoan	10	2	(100, 2)
14	Chocoan	5	1	(100, 2)
14	Chibchan	16	4	(100, 2)
14	Quechuan	6	2	(100, 2)
14	Cariban	11	3	(100, 2)
14	Uto-Aztecan	29	6	(100, 2)
14	Nuclear-Macro-Je	7	2	(0, 2)
14	Nyulnyulan	5	1	(100, 2)
14	Nakh-Daghestanian	20	4	(100, 2)
14	Turkic	14	3	(100, 2)
14	Uralic	19	4	(100, 2)
14	Salishan	7	2	(50, 2)
14	Tai-Kadai	5	1	(100, 2)
14	Austroasiatic	55	11	(91, 2)
14	Koiarian	6	2	(100, 2)
14	Nuclear Trans New Guinea	40	8	(38, 2)
14	Mongolic-Khitan	5	1	(100, 2)
14	Dravidian	13	3	(100, 2)
14	Tungusic	8	2	(100, 2)
14	Unclassified	167	34	(0, 2)
15	Sino-Tibetan	89	18	(94, 2)
15	Austronesian	319	64	(86, 2)
15	Mande	7	2	(0, 2)
15	Atlantic-Congo	144	29	(55, 2)
15	Pano-Tacanan	11	3	(100, 2)
15	Pama-Nyungan	58	12	(83, 2)
15	Arawakan	32	7	(57, 2)
15	Tupian	18	4	(100, 2)
15	Hmong-Mien	9	2	(100, 2)
15	Indo-European	49	10	(100, 2)
15	Afro-Asiatic	43	9	(67, 2)
15	Tucanoan	10	2	(100, 2)
15	Chocoan	5	1	(100, 2)
15	Chibchan	16	4	(75, 2)
15	Quechuan	6	2	(100, 2)
15	Cariban	11	3	(100, 2)
15	Uto-Aztecan	29	6	(100, 2)
15	Nuclear-Macro-Je	7	2	(0, 2)
15	Nyulnyulan	5	1	(100, 2)
15	Nakh-Daghestanian	20	4	(75, 2)
15	Turkic	14	3	(100, 2)
15	Uralic	19	4	(100, 2)
15	Salishan	7	2	(100, 2)
15	Tai-Kadai	5	1	(100, 2)
15	Austroasiatic	55	11	(82, 2)
15	Koiarian	6	2	(100, 2)
15	Nuclear Trans New Guinea	40	8	(62, 2)
15	Mongolic-Khitan	5	1	(100, 2)
15	Dravidian	13	3	(100, 2)
15	Tungusic	8	2	(100, 2)
15	Unclassified	167	34	(0, 2)
16	Sino-Tibetan	89	18	(89, 2)
16	Austronesian	319	64	(88, 2)
16	Mande	7	2	(50, 2)
16	Atlantic-Congo	144	29	(69, 2)
16	Pano-Tacanan	11	3	(100, 2)
16	Pama-Nyungan	58	12	(92, 2)
16	Arawakan	32	7	(57, 2)
16	Tupian	18	4	(100, 2)
16	Hmong-Mien	9	2	(100, 2)
16	Indo-European	49	10	(100, 2)
16	Afro-Asiatic	43	9	(89, 2)
16	Tucanoan	10	2	(100, 2)
16	Chocoan	5	1	(100, 2)
16	Chibchan	16	4	(75, 2)
16	Quechuan	6	2	(100, 2)
16	Cariban	11	3	(100, 2)
16	Uto-Aztecan	29	6	(100, 2)
16	Nuclear-Macro-Je	7	2	(0, 2)
16	Nyulnyulan	5	1	(100, 2)
16	Nakh-Daghestanian	20	4	(100, 2)
16	Turkic	14	3	(100, 2)
16	Uralic	19	4	(100, 2)
16	Salishan	7	2	(100, 2)
16	Tai-Kadai	5	1	(100, 2)
16	Austroasiatic	55	11	(91, 2)
16	Koiarian	6	2	(100, 2)
16	Nuclear Trans New Guinea	40	8	(38, 2)
16	Mongolic-Khitan	5	1	(100, 2)
16	Dravidian	13	3	(100, 2)
16	Tungusic	8	2	(100, 2)
16	Unclassified	167	34	(0, 2)
17	Sino-Tibetan	89	18	(89, 2)
17	Austronesian	319	64	(89, 2)
17	Mande	7	2	(50, 2)
17	Atlantic-Congo	144	29	(72, 2)
17	Pano-Tacanan	11	3	(100, 2)
17	Pama-Nyungan	58	12	(100, 2)
17	Arawakan	32	7	(57, 2)
17	Tupian	18	4	(100, 2)
17	Hmong-Mien	9	2	(100, 2)
17	Indo-European	49	10	(100, 2)
17	Afro-Asiatic	43	9	(56, 2)
17	Tucanoan	10	2	(100, 2)
17	Chocoan	5	1	(100, 2)
17	Chibchan	16	4	(50, 2)
17	Quechuan	6	2	(100, 2)
17	Cariban	11	3	(100, 2)
17	Uto-Aztecan	29	6	(100, 2)
17	Nuclear-Macro-Je	7	2	(0, 2)
17	Nyulnyulan	5	1	(100, 2)
17	Nakh-Daghestanian	20	4	(75, 2)
17	Turkic	14	3	(100, 2)
17	Uralic	19	4	(100, 2)
17	Salishan	7	2	(50, 2)
17	Tai-Kadai	5	1	(100, 2)
17	Austroasiatic	55	11	(100, 2)
17	Koiarian	6	2	(100, 2)
17	Nuclear Trans New Guinea	40	8	(50, 2)
17	Mongolic-Khitan	5	1	(100, 2)
17	Dravidian	13	3	(100, 2)
17	Tungusic	8	2	(100, 2)
17	Unclassified	167	34	(0, 2)
18	Sino-Tibetan	89	18	(78, 2)
18	Austronesian	319	64	(89, 2)
18	Mande	7	2	(0, 2)
18	Atlantic-Congo	144	29	(59, 2)
18	Pano-Tacanan	11	3	(100, 2)
18	Pama-Nyungan	58	12	(92, 2)
18	Arawakan	32	7	(43, 2)
18	Tupian	18	4	(100, 2)
18	Hmong-Mien	9	2	(100, 2)
18	Indo-European	49	10	(100, 2)
18	Afro-Asiatic	43	9	(89, 2)
18	Tucanoan	10	2	(100, 2)
18	Chocoan	5	1	(100, 2)
18	Chibchan	16	4	(100, 2)
18	Quechuan	6	2	(100, 2)
18	Cariban	11	3	(100, 2)
18	Uto-Aztecan	29	6	(100, 2)
18	Nuclear-Macro-Je	7	2	(0, 2)
18	Nyulnyulan	5	1	(100, 2)
18	Nakh-Daghestanian	20	4	(100, 2)
18	Turkic	14	3	(100, 2)
18	Uralic	19	4	(100, 2)
18	Salishan	7	2	(100, 2)
18	Tai-Kadai	5	1	(100, 2)
18	Austroasiatic	55	11	(91, 2)
18	Koiarian	6	2	(100, 2)
18	Nuclear Trans New Guinea	40	8	(50, 2)
18	Mongolic-Khitan	5	1	(100, 2)
18	Dravidian	13	3	(100, 2)
18	Tungusic	8	2	(100, 2)
18	Unclassified	167	34	(0, 2)
19	Sino-Tibetan	89	18	(83, 2)
19	Austronesian	319	64	(92, 2)
19	Mande	7	2	(100, 2)
19	Atlantic-Congo	144	29	(83, 2)
19	Pano-Tacanan	11	3	(100, 2)
19	Pama-Nyungan	58	12	(83, 2)
19	Arawakan	32	7	(29, 2)
19	Tupian	18	4	(75, 2)
19	Hmong-Mien	9	2	(100, 2)
19	Indo-European	49	10	(90, 2)
19	Afro-Asiatic	43	9	(67, 2)
19	Tucanoan	10	2	(100, 2)
19	Chocoan	5	1	(100, 2)
19	Chibchan	16	4	(100, 2)
19	Quechuan	6	2	(100, 2)
19	Cariban	11	3	(100, 2)
19	Uto-Aztecan	29	6	(100, 2)
19	Nuclear-Macro-Je	7	2	(0, 2)
19	Nyulnyulan	5	1	(100, 2)
19	Nakh-Daghestanian	20	4	(75, 2)
19	Turkic	14	3	(100, 2)
19	Uralic	19	4	(100, 2)
19	Salishan	7	2	(50, 2)
19	Tai-Kadai	5	1	(100, 2)
19	Austroasiatic	55	11	(100, 2)
19	Koiarian	6	2	(100, 2)
19	Nuclear Trans New Guinea	40	8	(62, 2)
19	Mongolic-Khitan	5	1	(100, 2)
19	Dravidian	13	3	(100, 2)
19	Tungusic	8	2	(100, 2)
19	Unclassified	167	34	(0, 2)
20	Sino-Tibetan	89	18	(89, 2)
20	Austronesian	319	64	(84, 2)
20	Mande	7	2	(50, 2)
20	Atlantic-Congo	144	29	(76, 2)
20	Pano-Tacanan	11	3	(100, 2)
20	Pama-Nyungan	58	12	(83, 2)
20	Arawakan	32	7	(71, 2)
20	Tupian	18	4	(100, 2)
20	Hmong-Mien	9	2	(100, 2)
20	Indo-European	49	10	(100, 2)
20	Afro-Asiatic	43	9	(78, 2)
20	Tucanoan	10	2	(100, 2)
20	Chocoan	5	1	(100, 2)
20	Chibchan	16	4	(100, 2)
20	Quechuan	6	2	(100, 2)
20	Cariban	11	3	(100, 2)
20	Uto-Aztecan	29	6	(100, 2)
20	Nuclear-Macro-Je	7	2	(0, 2)
20	Nyulnyulan	5	1	(100, 2)
20	Nakh-Daghestanian	20	4	(75, 2)
20	Turkic	14	3	(100, 2)
20	Uralic	19	4	(100, 2)
20	Salishan	7	2	(100, 2)
20	Tai-Kadai	5	1	(100, 2)
20	Austroasiatic	55	11	(91, 2)
20	Koiarian	6	2	(100, 2)
20	Nuclear Trans New Guinea	40	8	(38, 2)
20	Mongolic-Khitan	5	1	(100, 2)
20	Dravidian	13	3	(100, 2)
20	Tungusic	8	2	(100, 2)
20	Unclassified	167	34	(0, 2)
21	Sino-Tibetan	89	18	(89, 2)
21	Austronesian	319	64	(83, 2)
21	Mande	7	2	(50, 2)
21	Atlantic-Congo	144	29	(69, 2)
21	Pano-Tacanan	11	3	(100, 2)
21	Pama-Nyungan	58	12	(100, 2)
21	Arawakan	32	7	(71, 2)
21	Tupian	18	4	(100, 2)
21	Hmong-Mien	9	2	(100, 2)
21	Indo-European	49	10	(100, 2)
21	Afro-Asiatic	43	9	(56, 2)
21	Tucanoan	10	2	(100, 2)
21	Chocoan	5	1	(100, 2)
21	Chibchan	16	4	(100, 2)
21	Quechuan	6	2	(100, 2)
21	Cariban	11	3	(100, 2)
21	Uto-Aztecan	29	6	(100, 2)
21	Nuclear-Macro-Je	7	2	(0, 2)
21	Nyulnyulan	5	1	(100, 2)
21	Nakh-Daghestanian	20	4	(75, 2)
21	Turkic	14	3	(100, 2)
21	Uralic	19	4	(100, 2)
21	Salishan	7	2	(100, 2)
21	Tai-Kadai	5	1	(100, 2)
21	Austroasiatic	55	11	(91, 2)
21	Koiarian	6	2	(100, 2)
21	Nuclear Trans New Guinea	40	8	(50, 2)
21	Mongolic-Khitan	5	1	(100, 2)
21	Dravidian	13	3	(100, 2)
21	Tungusic	8	2	(100, 2)
21	Unclassified	167	34	(0, 2)
22	Sino-Tibetan	89	18	(78, 2)
22	Austronesian	319	64	(89, 2)
22	Mande	7	2	(0, 2)
22	Atlantic-Congo	144	29	(59, 2)
22	Pano-Tacanan	11	3	(100, 2)
22	Pama-Nyungan	58	12	(92, 2)
22	Arawakan	32	7	(29, 2)
22	Tupian	18	4	(100, 2)
22	Hmong-Mien	9	2	(100, 2)
22	Indo-European	49	10	(100, 2)
22	Afro-Asiatic	43	9	(78, 2)
22	Tucanoan	10	2	(100, 2)
22	Chocoan	5	1	(100, 2)
22	Chibchan	16	4	(75, 2)
22	Quechuan	6	2	(100, 2)
22	Cariban	11	3	(100, 2)
22	Uto-Aztecan	29	6	(100, 2)
22	Nuclear-Macro-Je	7	2	(0, 2)
22	Nyulnyulan	5	1	(100, 2)
22	Nakh-Daghestanian	20	4	(100, 2)
22	Turkic	14	3	(100, 2)
22	Uralic	19	4	(100, 2)
22	Salishan	7	2	(100, 2)
22	Tai-Kadai	5	1	(100, 2)
22	Austroasiatic	55	11	(91, 2)
22	Koiarian	6	2	(100, 2)
22	Nuclear Trans New Guinea	40	8	(50, 2)
22	Mongolic-Khitan	5	1	(100, 2)
22	Dravidian	13	3	(100, 2)
22	Tungusic	8	2	(100, 2)
22	Unclassified	167	34	(0, 2)
23	Sino-Tibetan	89	18	(72, 2)
23	Austronesian	319	64	(84, 2)
23	Mande	7	2	(0, 2)
23	Atlantic-Congo	144	29	(66, 2)
23	Pano-Tacanan	11	3	(100, 2)
23	Pama-Nyungan	58	12	(100, 2)
23	Arawakan	32	7	(43, 2)
23	Tupian	18	4	(100, 2)
23	Hmong-Mien	9	2	(100, 2)
23	Indo-European	49	10	(100, 2)
23	Afro-Asiatic	43	9	(67, 2)
23	Tucanoan	10	2	(100, 2)
23	Chocoan	5	1	(100, 2)
23	Chibchan	16	4	(100, 2)
23	Quechuan	6	2	(100, 2)
23	Cariban	11	3	(100, 2)
23	Uto-Aztecan	29	6	(100, 2)
23	Nuclear-Macro-Je	7	2	(0, 2)
23	Nyulnyulan	5	1	(100, 2)
23	Nakh-Daghestanian	20	4	(100, 2)
23	Turkic	14	3	(100, 2)
23	Uralic	19	4	(100, 2)
23	Salishan	7	2	(50, 2)
23	Tai-Kadai	5	1	(100, 2)
23	Austroasiatic	55	11	(100, 2)
23	Koiarian	6	2	(100, 2)
23	Nuclear Trans New Guinea	40	8	(88, 2)
23	Mongolic-Khitan	5	1	(100, 2)
23	Dravidian	13	3	(100, 2)
23	Tungusic	8	2	(100, 2)
23	Unclassified	167	34	(0, 2)
24	Sino-Tibetan	89	18	(89, 2)
24	Austronesian	319	64	(89, 2)
24	Mande	7	2	(100, 2)
24	Atlantic-Congo	144	29	(72, 2)
24	Pano-Tacanan	11	3	(100, 2)
24	Pama-Nyungan	58	12	(83, 2)
24	Arawakan	32	7	(43, 2)
24	Tupian	18	4	(100, 2)
24	Hmong-Mien	9	2	(100, 2)
24	Indo-European	49	10	(100, 2)
24	Afro-Asiatic	43	9	(67, 2)
24	Tucanoan	10	2	(100, 2)
24	Chocoan	5	1	(100, 2)
24	Chibchan	16	4	(75, 2)
24	Quechuan	6	2	(100, 2)
24	Cariban	11	3	(100, 2)
24	Uto-Aztecan	29	6	(100, 2)
24	Nuclear-Macro-Je	7	2	(0, 2)
24	Nyulnyulan	5	1	(100, 2)
24	Nakh-Daghestanian	20	4	(100, 2)
24	Turkic	14	3	(100, 2)
24	Uralic	19	4	(100, 2)
24	Salishan	7	2	(50, 2)
24	Tai-Kadai	5	1	(100, 2)
24	Austroasiatic	55	11	(91, 2)
24	Koiarian	6	2	(100, 2)
24	Nuclear Trans New Guinea	40	8	(50, 2)
24	Mongolic-Khitan	5	1	(100, 2)
24	Dravidian	13	3	(100, 2)
24	Tungusic	8	2	(100, 2)
24	Unclassified	167	34	(0, 2)
25	Sino-Tibetan	89	18	(83, 2)
25	Austronesian	319	64	(94, 2)
25	Mande	7	2	(50, 2)
25	Atlantic-Congo	144	29	(62, 2)
25	Pano-Tacanan	11	3	(100, 2)
25	Pama-Nyungan	58	12	(92, 2)
25	Arawakan	32	7	(86, 2)
25	Tupian	18	4	(100, 2)
25	Hmong-Mien	9	2	(100, 2)
25	Indo-European	49	10	(100, 2)
25	Afro-Asiatic	43	9	(56, 2)
25	Tucanoan	10	2	(100, 2)
25	Chocoan	5	1	(100, 2)
25	Chibchan	16	4	(75, 2)
25	Quechuan	6	2	(100, 2)
25	Cariban	11	3	(100, 2)
25	Uto-Aztecan	29	6	(100, 2)
25	Nuclear-Macro-Je	7	2	(0, 2)
25	Nyulnyulan	5	1	(100, 2)
25	Nakh-Daghestanian	20	4	(75, 2)
25	Turkic	14	3	(100, 2)
25	Uralic	19	4	(100, 2)
25	Salishan	7	2	(50, 2)
25	Tai-Kadai	5	1	(100, 2)
25	Austroasiatic	55	11	(91, 2)
25	Koiarian	6	2	(100, 2)
25	Nuclear Trans New Guinea	40	8	(62, 2)
25	Mongolic-Khitan	5	1	(100, 2)
25	Dravidian	13	3	(100, 2)
25	Tungusic	8	2	(100, 2)
25	Unclassified	167	34	(0, 2)
26	Sino-Tibetan	89	18	(67, 2)
26	Austronesian	319	64	(89, 2)
26	Mande	7	2	(50, 2)
26	Atlantic-Congo	144	29	(62, 2)
26	Pano-Tacanan	11	3	(100, 2)
26	Pama-Nyungan	58	12	(92, 2)
26	Arawakan	32	7	(57, 2)
26	Tupian	18	4	(100, 2)
26	Hmong-Mien	9	2	(100, 2)
26	Indo-European	49	10	(100, 2)
26	Afro-Asiatic	43	9	(67, 2)
26	Tucanoan	10	2	(100, 2)
26	Chocoan	5	1	(100, 2)
26	Chibchan	16	4	(75, 2)
26	Quechuan	6	2	(100, 2)
26	Cariban	11	3	(100, 2)
26	Uto-Aztecan	29	6	(100, 2)
26	Nuclear-Macro-Je	7	2	(0, 2)
26	Nyulnyulan	5	1	(100, 2)
26	Nakh-Daghestanian	20	4	(100, 2)
26	Turkic	14	3	(100, 2)
26	Uralic	19	4	(100, 2)
26	Salishan	7	2	(100, 2)
26	Tai-Kadai	5	1	(100, 2)
26	Austroasiatic	55	11	(100, 2)
26	Koiarian	6	2	(100, 2)
26	Nuclear Trans New Guinea	40	8	(38, 2)
26	Mongolic-Khitan	5	1	(100, 2)
26	Dravidian	13	3	(100, 2)
26	Tungusic	8	2	(100, 2)
26	Unclassified	167	34	(0, 2)
27	Sino-Tibetan	89	18	(83, 2)
27	Austronesian	319	64	(86, 2)
27	Mande	7	2	(50, 2)
27	Atlantic-Congo	144	29	(76, 2)
27	Pano-Tacanan	11	3	(100, 2)
27	Pama-Nyungan	58	12	(92, 2)
27	Arawakan	32	7	(86, 2)
27	Tupian	18	4	(75, 2)
27	Hmong-Mien	9	2	(100, 2)
27	Indo-European	49	10	(100, 2)
27	Afro-Asiatic	43	9	(67, 2)
27	Tucanoan	10	2	(100, 2)
27	Chocoan	5	1	(100, 2)
27	Chibchan	16	4	(75, 2)
27	Quechuan	6	2	(100, 2)
27	Cariban	11	3	(100, 2)
27	Uto-Aztecan	29	6	(100, 2)
27	Nuclear-Macro-Je	7	2	(0, 2)
27	Nyulnyulan	5	1	(100, 2)
27	Nakh-Daghestanian	20	4	(100, 2)
27	Turkic	14	3	(100, 2)
27	Uralic	19	4	(100, 2)
27	Salishan	7	2	(50, 2)
27	Tai-Kadai	5	1	(100, 2)
27	Austroasiatic	55	11	(100, 2)
27	Koiarian	6	2	(100, 2)
27	Nuclear Trans New Guinea	40	8	(62, 2)
27	Mongolic-Khitan	5	1	(100, 2)
27	Dravidian	13	3	(100, 2)
27	Tungusic	8	2	(100, 2)
27	Unclassified	167	34	(0, 2)
28	Sino-Tibetan	89	18	(89, 2)
28	Austronesian	319	64	(89, 2)
28	Mande	7	2	(100, 2)
28	Atlantic-Congo	144	29	(69, 2)
28	Pano-Tacanan	11	3	(100, 2)
28	Pama-Nyungan	58	12	(100, 2)
28	Arawakan	32	7	(86, 2)
28	Tupian	18	4	(75, 2)
28	Hmong-Mien	9	2	(100, 2)
28	Indo-European	49	10	(100, 2)
28	Afro-Asiatic	43	9	(67, 2)
28	Tucanoan	10	2	(100, 2)
28	Chocoan	5	1	(100, 2)
28	Chibchan	16	4	(75, 2)
28	Quechuan	6	2	(100, 2)
28	Cariban	11	3	(100, 2)
28	Uto-Aztecan	29	6	(100, 2)
28	Nuclear-Macro-Je	7	2	(0, 2)
28	Nyulnyulan	5	1	(100, 2)
28	Nakh-Daghestanian	20	4	(100, 2)
28	Turkic	14	3	(100, 2)
28	Uralic	19	4	(100, 2)
28	Salishan	7	2	(0, 2)
28	Tai-Kadai	5	1	(100, 2)
28	Austroasiatic	55	11	(73, 2)
28	Koiarian	6	2	(100, 2)
28	Nuclear Trans New Guinea	40	8	(50, 2)
28	Mongolic-Khitan	5	1	(100, 2)
28	Dravidian	13	3	(100, 2)
28	Tungusic	8	2	(100, 2)
28	Unclassified	167	34	(0, 2)
29	Sino-Tibetan	89	18	(78, 2)
29	Austronesian	319	64	(91, 2)
29	Mande	7	2	(100, 2)
29	Atlantic-Congo	144	29	(66, 2)
29	Pano-Tacanan	11	3	(100, 2)
29	Pama-Nyungan	58	12	(92, 2)
29	Arawakan	32	7	(71, 2)
29	Tupian	18	4	(100, 2)
29	Hmong-Mien	9	2	(100, 2)
29	Indo-European	49	10	(100, 2)
29	Afro-Asiatic	43	9	(89, 2)
29	Tucanoan	10	2	(100, 2)
29	Chocoan	5	1	(100, 2)
29	Chibchan	16	4	(75, 2)
29	Quechuan	6	2	(100, 2)
29	Cariban	11	3	(100, 2)
29	Uto-Aztecan	29	6	(100, 2)
29	Nuclear-Macro-Je	7	2	(0, 2)
29	Nyulnyulan	5	1	(100, 2)
29	Nakh-Daghestanian	20	4	(100, 2)
29	Turkic	14	3	(100, 2)
29	Uralic	19	4	(100, 2)
29	Salishan	7	2	(50, 2)
29	Tai-Kadai	5	1	(100, 2)
29	Austroasiatic	55	11	(82, 2)
29	Koiarian	6	2	(100, 2)
29	Nuclear Trans New Guinea	40	8	(25, 2)
29	Mongolic-Khitan	5	1	(100, 2)
29	Dravidian	13	3	(100, 2)
29	Tungusic	8	2	(100, 2)
29	Unclassified	167	34	(0, 2)
30	Sino-Tibetan	89	18	(83, 2)
30	Austronesian	319	64	(91, 2)
30	Mande	7	2	(50, 2)
30	Atlantic-Congo	144	29	(69, 2)
30	Pano-Tacanan	11	3	(100, 2)
30	Pama-Nyungan	58	12	(92, 2)
30	Arawakan	32	7	(86, 2)
30	Tupian	18	4	(100, 2)
30	Hmong-Mien	9	2	(100, 2)
30	Indo-European	49	10	(100, 2)
30	Afro-Asiatic	43	9	(89, 2)
30	Tucanoan	10	2	(100, 2)
30	Chocoan	5	1	(100, 2)
30	Chibchan	16	4	(75, 2)
30	Quechuan	6	2	(100, 2)
30	Cariban	11	3	(100, 2)
30	Uto-Aztecan	29	6	(100, 2)
30	Nuclear-Macro-Je	7	2	(0, 2)
30	Nyulnyulan	5	1	(100, 2)
30	Nakh-Daghestanian	20	4	(100, 2)
30	Turkic	14	3	(100, 2)
30	Uralic	19	4	(100, 2)
30	Salishan	7	2	(50, 2)
30	Tai-Kadai	5	1	(100, 2)
30	Austroasiatic	55	11	(91, 2)
30	Koiarian	6	2	(100, 2)
30	Nuclear Trans New Guinea	40	8	(75, 2)
30	Mongolic-Khitan	5	1	(100, 2)
30	Dravidian	13	3	(100, 2)
30	Tungusic	8	2	(100, 2)
30	Unclassified	167	34	(0, 2)
31	Sino-Tibetan	89	18	(89, 2)
31	Austronesian	319	64	(84, 2)
31	Mande	7	2	(50, 2)
31	Atlantic-Congo	144	29	(69, 2)
31	Pano-Tacanan	11	3	(100, 2)
31	Pama-Nyungan	58	12	(92, 2)
31	Arawakan	32	7	(57, 2)
31	Tupian	18	4	(100, 2)
31	Hmong-Mien	9	2	(100, 2)
31	Indo-European	49	10	(100, 2)
31	Afro-Asiatic	43	9	(67, 2)
31	Tucanoan	10	2	(100, 2)
31	Chocoan	5	1	(100, 2)
31	Chibchan	16	4	(75, 2)
31	Quechuan	6	2	(100, 2)
31	Cariban	11	3	(100, 2)
31	Uto-Aztecan	29	6	(100, 2)
31	Nuclear-Macro-Je	7	2	(0, 2)
31	Nyulnyulan	5	1	(100, 2)
31	Nakh-Daghestanian	20	4	(100, 2)
31	Turkic	14	3	(100, 2)
31	Uralic	19	4	(100, 2)
31	Salishan	7	2	(50, 2)
31	Tai-Kadai	5	1	(100, 2)
31	Austroasiatic	55	11	(91, 2)
31	Koiarian	6	2	(100, 2)
31	Nuclear Trans New Guinea	40	8	(38, 2)
31	Mongolic-Khitan	5	1	(100, 2)
31	Dravidian	13	3	(100, 2)
31	Tungusic	8	2	(100, 2)
31	Unclassified	167	34	(0, 2)
32	Sino-Tibetan	89	18	(78, 2)
32	Austronesian	319	64	(86, 2)
32	Mande	7	2	(100, 2)
32	Atlantic-Congo	144	29	(72, 2)
32	Pano-Tacanan	11	3	(100, 2)
32	Pama-Nyungan	58	12	(92, 2)
32	Arawakan	32	7	(71, 2)
32	Tupian	18	4	(100, 2)
32	Hmong-Mien	9	2	(100, 2)
32	Indo-European	49	10	(100, 2)
32	Afro-Asiatic	43	9	(78, 2)
32	Tucanoan	10	2	(100, 2)
32	Chocoan	5	1	(100, 2)
32	Chibchan	16	4	(100, 2)
32	Quechuan	6	2	(100, 2)
32	Cariban	11	3	(100, 2)
32	Uto-Aztecan	29	6	(100, 2)
32	Nuclear-Macro-Je	7	2	(0, 2)
32	Nyulnyulan	5	1	(100, 2)
32	Nakh-Daghestanian	20	4	(100, 2)
32	Turkic	14	3	(100, 2)
32	Uralic	19	4	(100, 2)
32	Salishan	7	2	(50, 2)
32	Tai-Kadai	5	1	(100, 2)
32	Austroasiatic	55	11	(100, 2)
32	Koiarian	6	2	(100, 2)
32	Nuclear Trans New Guinea	40	8	(38, 2)
32	Mongolic-Khitan	5	1	(100, 2)
32	Dravidian	13	3	(100, 2)
32	Tungusic	8	2	(100, 2)
32	Unclassified	167	34	(0, 2)
33	Sino-Tibetan	89	18	(78, 2)
33	Austronesian	319	64	(88, 2)
33	Mande	7	2	(100, 2)
33	Atlantic-Congo	144	29	(69, 2)
33	Pano-Tacanan	11	3	(100, 2)
33	Pama-Nyungan	58	12	(92, 2)
33	Arawakan	32	7	(71, 2)
33	Tupian	18	4	(75, 2)
33	Hmong-Mien	9	2	(100, 2)
33	Indo-European	49	10	(100, 2)
33	Afro-Asiatic	43	9	(78, 2)
33	Tucanoan	10	2	(100, 2)
33	Chocoan	5	1	(100, 2)
33	Chibchan	16	4	(75, 2)
33	Quechuan	6	2	(100, 2)
33	Cariban	11	3	(100, 2)
33	Uto-Aztecan	29	6	(100, 2)
33	Nuclear-Macro-Je	7	2	(0, 2)
33	Nyulnyulan	5	1	(100, 2)
33	Nakh-Daghestanian	20	4	(100, 2)
33	Turkic	14	3	(100, 2)
33	Uralic	19	4	(100, 2)
33	Salishan	7	2	(100, 2)
33	Tai-Kadai	5	1	(100, 2)
33	Austroasiatic	55	11	(100, 2)
33	Koiarian	6	2	(100, 2)
33	Nuclear Trans New Guinea	40	8	(62, 2)
33	Mongolic-Khitan	5	1	(100, 2)
33	Dravidian	13	3	(100, 2)
33	Tungusic	8	2	(100, 2)
33	Unclassified	167	34	(0, 2)
34	Sino-Tibetan	89	18	(83, 2)
34	Austronesian	319	64	(91, 2)
34	Mande	7	2	(100, 2)
34	Atlantic-Congo	144	29	(62, 2)
34	Pano-Tacanan	11	3	(100, 2)
34	Pama-Nyungan	58	12	(92, 2)
34	Arawakan	32	7	(71, 2)
34	Tupian	18	4	(100, 2)
34	Hmong-Mien	9	2	(100, 2)
34	Indo-European	49	10	(100, 2)
34	Afro-Asiatic	43	9	(89, 2)
34	Tucanoan	10	2	(100, 2)
34	Chocoan	5	1	(100, 2)
34	Chibchan	16	4	(100, 2)
34	Quechuan	6	2	(100, 2)
34	Cariban	11	3	(100, 2)
34	Uto-Aztecan	29	6	(100, 2)
34	Nuclear-Macro-Je	7	2	(0, 2)
34	Nyulnyulan	5	1	(100, 2)
34	Nakh-Daghestanian	20	4	(100, 2)
34	Turkic	14	3	(100, 2)
34	Uralic	19	4	(100, 2)
34	Salishan	7	2	(50, 2)
34	Tai-Kadai	5	1	(100, 2)
34	Austroasiatic	55	11	(91, 2)
34	Koiarian	6	2	(100, 2)
34	Nuclear Trans New Guinea	40	8	(25, 2)
34	Mongolic-Khitan	5	1	(100, 2)
34	Dravidian	13	3	(100, 2)
34	Tungusic	8	2	(100, 2)
34	Unclassified	167	34	(0, 2)
35	Sino-Tibetan	89	18	(83, 2)
35	Austronesian	319	64	(86, 2)
35	Mande	7	2	(0, 2)
35	Atlantic-Congo	144	29	(62, 2)
35	Pano-Tacanan	11	3	(100, 2)
35	Pama-Nyungan	58	12	(83, 2)
35	Arawakan	32	7	(86, 2)
35	Tupian	18	4	(100, 2)
35	Hmong-Mien	9	2	(100, 2)
35	Indo-European	49	10	(100, 2)
35	Afro-Asiatic	43	9	(78, 2)
35	Tucanoan	10	2	(100, 2)
35	Chocoan	5	1	(100, 2)
35	Chibchan	16	4	(100, 2)
35	Quechuan	6	2	(100, 2)
35	Cariban	11	3	(100, 2)
35	Uto-Aztecan	29	6	(100, 2)
35	Nuclear-Macro-Je	7	2	(0, 2)
35	Nyulnyulan	5	1	(100, 2)
35	Nakh-Daghestanian	20	4	(75, 2)
35	Turkic	14	3	(100, 2)
35	Uralic	19	4	(100, 2)
35	Salishan	7	2	(100, 2)
35	Tai-Kadai	5	1	(100, 2)
35	Austroasiatic	55	11	(82, 2)
35	Koiarian	6	2	(100, 2)
35	Nuclear Trans New Guinea	40	8	(50, 2)
35	Mongolic-Khitan	5	1	(100, 2)
35	Dravidian	13	3	(100, 2)
35	Tungusic	8	2	(100, 2)
35	Unclassified	167	34	(0, 2)
36	Sino-Tibetan	89	18	(89, 2)
36	Austronesian	319	64	(86, 2)
36	Mande	7	2	(50, 2)
36	Atlantic-Congo	144	29	(66, 2)
36	Pano-Tacanan	11	3	(100, 2)
36	Pama-Nyungan	58	12	(83, 2)
36	Arawakan	32	7	(86, 2)
36	Tupian	18	4	(75, 2)
36	Hmong-Mien	9	2	(100, 2)
36	Indo-European	49	10	(100, 2)
36	Afro-Asiatic	43	9	(78, 2)
36	Tucanoan	10	2	(100, 2)
36	Chocoan	5	1	(100, 2)
36	Chibchan	16	4	(100, 2)
36	Quechuan	6	2	(100, 2)
36	Cariban	11	3	(100, 2)
36	Uto-Aztecan	29	6	(100, 2)
36	Nuclear-Macro-Je	7	2	(0, 2)
36	Nyulnyulan	5	1	(100, 2)
36	Nakh-Daghestanian	20	4	(75, 2)
36	Turkic	14	3	(100, 2)
36	Uralic	19	4	(100, 2)
36	Salishan	7	2	(100, 2)
36	Tai-Kadai	5	1	(100, 2)
36	Austroasiatic	55	11	(100, 2)
36	Koiarian	6	2	(100, 2)
36	Nuclear Trans New Guinea	40	8	(50, 2)
36	Mongolic-Khitan	5	1	(100, 2)
36	Dravidian	13	3	(100, 2)
36	Tungusic	8	2	(100, 2)
36	Unclassified	167	34	(0, 2)
37	Sino-Tibetan	89	18	(100, 2)
37	Austronesian	319	64	(91, 2)
37	Mande	7	2	(100, 2)
37	Atlantic-Congo	144	29	(66, 2)
37	Pano-Tacanan	11	3	(100, 2)
37	Pama-Nyungan	58	12	(75, 2)
37	Arawakan	32	7	(86, 2)
37	Tupian	18	4	(100, 2)
37	Hmong-Mien	9	2	(100, 2)
37	Indo-European	49	10	(100, 2)
37	Afro-Asiatic	43	9	(67, 2)
37	Tucanoan	10	2	(100, 2)
37	Chocoan	5	1	(100, 2)
37	Chibchan	16	4	(100, 2)
37	Quechuan	6	2	(100, 2)
37	Cariban	11	3	(100, 2)
37	Uto-Aztecan	29	6	(100, 2)
37	Nuclear-Macro-Je	7	2	(0, 2)
37	Nyulnyulan	5	1	(100, 2)
37	Nakh-Daghestanian	20	4	(100, 2)
37	Turkic	14	3	(100, 2)
37	Uralic	19	4	(100, 2)
37	Salishan	7	2	(50, 2)
37	Tai-Kadai	5	1	(100, 2)
37	Austroasiatic	55	11	(82, 2)
37	Koiarian	6	2	(100, 2)
37	Nuclear Trans New Guinea	40	8	(0, 2)
37	Mongolic-Khitan	5	1	(100, 2)
37	Dravidian	13	3	(100, 2)
37	Tungusic	8	2	(100, 2)
37	Unclassified	167	34	(0, 2)
38	Sino-Tibetan	89	18	(72, 2)
38	Austronesian	319	64	(92, 2)
38	Mande	7	2	(50, 2)
38	Atlantic-Congo	144	29	(86, 2)
38	Pano-Tacanan	11	3	(100, 2)
38	Pama-Nyungan	58	12	(75, 2)
38	Arawakan	32	7	(57, 2)
38	Tupian	18	4	(100, 2)
38	Hmong-Mien	9	2	(100, 2)
38	Indo-European	49	10	(100, 2)
38	Afro-Asiatic	43	9	(89, 2)
38	Tucanoan	10	2	(100, 2)
38	Chocoan	5	1	(100, 2)
38	Chibchan	16	4	(100, 2)
38	Quechuan	6	2	(100, 2)
38	Cariban	11	3	(100, 2)
38	Uto-Aztecan	29	6	(100, 2)
38	Nuclear-Macro-Je	7	2	(0, 2)
38	Nyulnyulan	5	1	(100, 2)
38	Nakh-Daghestanian	20	4	(100, 2)
38	Turkic	14	3	(100, 2)
38	Uralic	19	4	(100, 2)
38	Salishan	7	2	(100, 2)
38	Tai-Kadai	5	1	(100, 2)
38	Austroasiatic	55	11	(100, 2)
38	Koiarian	6	2	(100, 2)
38	Nuclear Trans New Guinea	40	8	(62, 2)
38	Mongolic-Khitan	5	1	(100, 2)
38	Dravidian	13	3	(100, 2)
38	Tungusic	8	2	(100, 2)
38	Unclassified	167	34	(0, 2)
39	Sino-Tibetan	89	18	(72, 2)
39	Austronesian	319	64	(84, 2)
39	Mande	7	2	(100, 2)
39	Atlantic-Congo	144	29	(66, 2)
39	Pano-Tacanan	11	3	(100, 2)
39	Pama-Nyungan	58	12	(100, 2)
39	Arawakan	32	7	(86, 2)
39	Tupian	18	4	(75, 2)
39	Hmong-Mien	9	2	(100, 2)
39	Indo-European	49	10	(100, 2)
39	Afro-Asiatic	43	9	(67, 2)
39	Tucanoan	10	2	(100, 2)
39	Chocoan	5	1	(100, 2)
39	Chibchan	16	4	(50, 2)
39	Quechuan	6	2	(100, 2)
39	Cariban	11	3	(100, 2)
39	Uto-Aztecan	29	6	(100, 2)
39	Nuclear-Macro-Je	7	2	(0, 2)
39	Nyulnyulan	5	1	(100, 2)
39	Nakh-Daghestanian	20	4	(100, 2)
39	Turkic	14	3	(100, 2)
39	Uralic	19	4	(100, 2)
39	Salishan	7	2	(50, 2)
39	Tai-Kadai	5	1	(100, 2)
39	Austroasiatic	55	11	(64, 2)
39	Koiarian	6	2	(100, 2)
39	Nuclear Trans New Guinea	40	8	(38, 2)
39	Mongolic-Khitan	5	1	(100, 2)
39	Dravidian	13	3	(100, 2)
39	Tungusic	8	2	(100, 2)
39	Unclassified	167	34	(0, 2)
40	Sino-Tibetan	89	18	(94, 2)
40	Austronesian	319	64	(89, 2)
40	Mande	7	2	(100, 2)
40	Atlantic-Congo	144	29	(79, 2)
40	Pano-Tacanan	11	3	(100, 2)
40	Pama-Nyungan	58	12	(83, 2)
40	Arawakan	32	7	(43, 2)
40	Tupian	18	4	(100, 2)
40	Hmong-Mien	9	2	(100, 2)
40	Indo-European	49	10	(100, 2)
40	Afro-Asiatic	43	9	(67, 2)
40	Tucanoan	10	2	(100, 2)
40	Chocoan	5	1	(100, 2)
40	Chibchan	16	4	(100, 2)
40	Quechuan	6	2	(100, 2)
40	Cariban	11	3	(100, 2)
40	Uto-Aztecan	29	6	(100, 2)
40	Nuclear-Macro-Je	7	2	(0, 2)
40	Nyulnyulan	5	1	(100, 2)
40	Nakh-Daghestanian	20	4	(100, 2)
40	Turkic	14	3	(100, 2)
40	Uralic	19	4	(100, 2)
40	Salishan	7	2	(0, 2)
40	Tai-Kadai	5	1	(100, 2)
40	Austroasiatic	55	11	(91, 2)
40	Koiarian	6	2	(100, 2)
40	Nuclear Trans New Guinea	40	8	(50, 2)
40	Mongolic-Khitan	5	1	(100, 2)
40	Dravidian	13	3	(100, 2)
40	Tungusic	8	2	(100, 2)
40	Unclassified	167	34	(0, 2)
41	Sino-Tibetan	89	18	(78, 2)
41	Austronesian	319	64	(91, 2)
41	Mande	7	2	(50, 2)
41	Atlantic-Congo	144	29	(76, 2)
41	Pano-Tacanan	11	3	(100, 2)
41	Pama-Nyungan	58	12	(100, 2)
41	Arawakan	32	7	(71, 2)
41	Tupian	18	4	(100, 2)
41	Hmong-Mien	9	2	(100, 2)
41	Indo-European	49	10	(100, 2)
41	Afro-Asiatic	43	9	(67, 2)
41	Tucanoan	10	2	(100, 2)
41	Chocoan	5	1	(100, 2)
41	Chibchan	16	4	(100, 2)
41	Quechuan	6	2	(100, 2)
41	Cariban	11	3	(100, 2)
41	Uto-Aztecan	29	6	(100, 2)
41	Nuclear-Macro-Je	7	2	(0, 2)
41	Nyulnyulan	5	1	(100, 2)
41	Nakh-Daghestanian	20	4	(100, 2)
41	Turkic	14	3	(100, 2)
41	Uralic	19	4	(100, 2)
41	Salishan	7	2	(100, 2)
41	Tai-Kadai	5	1	(100, 2)
41	Austroasiatic	55	11	(91, 2)
41	Koiarian	6	2	(100, 2)
41	Nuclear Trans New Guinea	40	8	(50, 2)
41	Mongolic-Khitan	5	1	(100, 2)
41	Dravidian	13	3	(100, 2)
41	Tungusic	8	2	(100, 2)
41	Unclassified	167	34	(0, 2)
42	Sino-Tibetan	89	18	(94, 2)
42	Austronesian	319	64	(84, 2)
42	Mande	7	2	(50, 2)
42	Atlantic-Congo	144	29	(76, 2)
42	Pano-Tacanan	11	3	(100, 2)
42	Pama-Nyungan	58	12	(92, 2)
42	Arawakan	32	7	(71, 2)
42	Tupian	18	4	(100, 2)
42	Hmong-Mien	9	2	(100, 2)
42	Indo-European	49	10	(100, 2)
42	Afro-Asiatic	43	9	(67, 2)
42	Tucanoan	10	2	(100, 2)
42	Chocoan	5	1	(100, 2)
42	Chibchan	16	4	(100, 2)
42	Quechuan	6	2	(100, 2)
42	Cariban	11	3	(100, 2)
42	Uto-Aztecan	29	6	(100, 2)
42	Nuclear-Macro-Je	7	2	(0, 2)
42	Nyulnyulan	5	1	(100, 2)
42	Nakh-Daghestanian	20	4	(100, 2)
42	Turkic	14	3	(100, 2)
42	Uralic	19	4	(100, 2)
42	Salishan	7	2	(50, 2)
42	Tai-Kadai	5	1	(100, 2)
42	Austroasiatic	55	11	(82, 2)
42	Koiarian	6	2	(100, 2)
42	Nuclear Trans New Guinea	40	8	(50, 2)
42	Mongolic-Khitan	5	1	(100, 2)
42	Dravidian	13	3	(100, 2)
42	Tungusic	8	2	(100, 2)
42	Unclassified	167	34	(0, 2)
43	Sino-Tibetan	89	18	(78, 2)
43	Austronesian	319	64	(89, 2)
43	Mande	7	2	(50, 2)
43	Atlantic-Congo	144	29	(72, 2)
43	Pano-Tacanan	11	3	(100, 2)
43	Pama-Nyungan	58	12	(100, 2)
43	Arawakan	32	7	(57, 2)
43	Tupian	18	4	(75, 2)
43	Hmong-Mien	9	2	(100, 2)
43	Indo-European	49	10	(100, 2)
43	Afro-Asiatic	43	9	(67, 2)
43	Tucanoan	10	2	(100, 2)
43	Chocoan	5	1	(100, 2)
43	Chibchan	16	4	(75, 2)
43	Quechuan	6	2	(100, 2)
43	Cariban	11	3	(100, 2)
43	Uto-Aztecan	29	6	(100, 2)
43	Nuclear-Macro-Je	7	2	(0, 2)
43	Nyulnyulan	5	1	(100, 2)
43	Nakh-Daghestanian	20	4	(100, 2)
43	Turkic	14	3	(100, 2)
43	Uralic	19	4	(100, 2)
43	Salishan	7	2	(50, 2)
43	Tai-Kadai	5	1	(100, 2)
43	Austroasiatic	55	11	(91, 2)
43	Koiarian	6	2	(100, 2)
43	Nuclear Trans New Guinea	40	8	(62, 2)
43	Mongolic-Khitan	5	1	(100, 2)
43	Dravidian	13	3	(100, 2)
43	Tungusic	8	2	(100, 2)
43	Unclassified	167	34	(0, 2)
44	Sino-Tibetan	89	18	(94, 2)
44	Austronesian	319	64	(88, 2)
44	Mande	7	2	(100, 2)
44	Atlantic-Congo	144	29	(72, 2)
44	Pano-Tacanan	11	3	(100, 2)
44	Pama-Nyungan	58	12	(92, 2)
44	Arawakan	32	7	(86, 2)
44	Tupian	18	4	(75, 2)
44	Hmong-Mien	9	2	(100, 2)
44	Indo-European	49	10	(100, 2)
44	Afro-Asiatic	43	9	(67, 2)
44	Tucanoan	10	2	(100, 2)
44	Chocoan	5	1	(100, 2)
44	Chibchan	16	4	(100, 2)
44	Quechuan	6	2	(100, 2)
44	Cariban	11	3	(100, 2)
44	Uto-Aztecan	29	6	(100, 2)
44	Nuclear-Macro-Je	7	2	(0, 2)
44	Nyulnyulan	5	1	(100, 2)
44	Nakh-Daghestanian	20	4	(100, 2)
44	Turkic	14	3	(100, 2)
44	Uralic	19	4	(100, 2)
44	Salishan	7	2	(100, 2)
44	Tai-Kadai	5	1	(100, 2)
44	Austroasiatic	55	11	(91, 2)
44	Koiarian	6	2	(100, 2)
44	Nuclear Trans New Guinea	40	8	(38, 2)
44	Mongolic-Khitan	5	1	(100, 2)
44	Dravidian	13	3	(100, 2)
44	Tungusic	8	2	(100, 2)
44	Unclassified	167	34	(0, 2)
45	Sino-Tibetan	89	18	(83, 2)
45	Austronesian	319	64	(84, 2)
45	Mande	7	2	(50, 2)
45	Atlantic-Congo	144	29	(66, 2)
45	Pano-Tacanan	11	3	(100, 2)
45	Pama-Nyungan	58	12	(92, 2)
45	Arawakan	32	7	(71, 2)
45	Tupian	18	4	(100, 2)
45	Hmong-Mien	9	2	(100, 2)
45	Indo-European	49	10	(100, 2)
45	Afro-Asiatic	43	9	(100, 2)
45	Tucanoan	10	2	(100, 2)
45	Chocoan	5	1	(100, 2)
45	Chibchan	16	4	(100, 2)
45	Quechuan	6	2	(100, 2)
45	Cariban	11	3	(100, 2)
45	Uto-Aztecan	29	6	(100, 2)
45	Nuclear-Macro-Je	7	2	(0, 2)
45	Nyulnyulan	5	1	(100, 2)
45	Nakh-Daghestanian	20	4	(100, 2)
45	Turkic	14	3	(100, 2)
45	Uralic	19	4	(100, 2)
45	Salishan	7	2	(100, 2)
45	Tai-Kadai	5	1	(100, 2)
45	Austroasiatic	55	11	(91, 2)
45	Koiarian	6	2	(100, 2)
45	Nuclear Trans New Guinea	40	8	(62, 2)
45	Mongolic-Khitan	5	1	(100, 2)
45	Dravidian	13	3	(100, 2)
45	Tungusic	8	2	(100, 2)
45	Unclassified	167	34	(0, 2)
46	Sino-Tibetan	89	18	(89, 2)
46	Austronesian	319	64	(86, 2)
46	Mande	7	2	(50, 2)
46	Atlantic-Congo	144	29	(76, 2)
46	Pano-Tacanan	11	3	(100, 2)
46	Pama-Nyungan	58	12	(100, 2)
46	Arawakan	32	7	(71, 2)
46	Tupian	18	4	(100, 2)
46	Hmong-Mien	9	2	(100, 2)
46	Indo-European	49	10	(100, 2)
46	Afro-Asiatic	43	9	(67, 2)
46	Tucanoan	10	2	(100, 2)
46	Chocoan	5	1	(100, 2)
46	Chibchan	16	4	(100, 2)
46	Quechuan	6	2	(100, 2)
46	Cariban	11	3	(100, 2)
46	Uto-Aztecan	29	6	(100, 2)
46	Nuclear-Macro-Je	7	2	(0, 2)
46	Nyulnyulan	5	1	(100, 2)
46	Nakh-Daghestanian	20	4	(100, 2)
46	Turkic	14	3	(100, 2)
46	Uralic	19	4	(100, 2)
46	Salishan	7	2	(50, 2)
46	Tai-Kadai	5	1	(100, 2)
46	Austroasiatic	55	11	(91, 2)
46	Koiarian	6	2	(100, 2)
46	Nuclear Trans New Guinea	40	8	(12, 2)
46	Mongolic-Khitan	5	1	(100, 2)
46	Dravidian	13	3	(100, 2)
46	Tungusic	8	2	(100, 2)
46	Unclassified	167	34	(0, 2)
47	Sino-Tibetan	89	18	(89, 2)
47	Austronesian	319	64	(81, 2)
47	Mande	7	2	(100, 2)
47	Atlantic-Congo	144	29	(76, 2)
47	Pano-Tacanan	11	3	(100, 2)
47	Pama-Nyungan	58	12	(92, 2)
47	Arawakan	32	7	(57, 2)
47	Tupian	18	4	(75, 2)
47	Hmong-Mien	9	2	(100, 2)
47	Indo-European	49	10	(100, 2)
47	Afro-Asiatic	43	9	(56, 2)
47	Tucanoan	10	2	(100, 2)
47	Chocoan	5	1	(100, 2)
47	Chibchan	16	4	(100, 2)
47	Quechuan	6	2	(100, 2)
47	Cariban	11	3	(100, 2)
47	Uto-Aztecan	29	6	(100, 2)
47	Nuclear-Macro-Je	7	2	(0, 2)
47	Nyulnyulan	5	1	(100, 2)
47	Nakh-Daghestanian	20	4	(100, 2)
47	Turkic	14	3	(100, 2)
47	Uralic	19	4	(100, 2)
47	Salishan	7	2	(50, 2)
47	Tai-Kadai	5	1	(100, 2)
47	Austroasiatic	55	11	(91, 2)
47	Koiarian	6	2	(100, 2)
47	Nuclear Trans New Guinea	40	8	(25, 2)
47	Mongolic-Khitan	5	1	(100, 2)
47	Dravidian	13	3	(100, 2)
47	Tungusic	8	2	(100, 2)
47	Unclassified	167	34	(0, 2)
48	Sino-Tibetan	89	18	(78, 2)
48	Austronesian	319	64	(89, 2)
48	Mande	7	2	(0, 2)
48	Atlantic-Congo	144	29	(72, 2)
48	Pano-Tacanan	11	3	(100, 2)
48	Pama-Nyungan	58	12	(100, 2)
48	Arawakan	32	7	(71, 2)
48	Tupian	18	4	(100, 2)
48	Hmong-Mien	9	2	(100, 2)
48	Indo-European	49	10	(90, 2)
48	Afro-Asiatic	43	9	(78, 2)
48	Tucanoan	10	2	(100, 2)
48	Chocoan	5	1	(100, 2)
48	Chibchan	16	4	(100, 2)
48	Quechuan	6	2	(100, 2)
48	Cariban	11	3	(100, 2)
48	Uto-Aztecan	29	6	(100, 2)
48	Nuclear-Macro-Je	7	2	(0, 2)
48	Nyulnyulan	5	1	(100, 2)
48	Nakh-Daghestanian	20	4	(100, 2)
48	Turkic	14	3	(100, 2)
48	Uralic	19	4	(100, 2)
48	Salishan	7	2	(100, 2)
48	Tai-Kadai	5	1	(100, 2)
48	Austroasiatic	55	11	(64, 2)
48	Koiarian	6	2	(100, 2)
48	Nuclear Trans New Guinea	40	8	(12, 2)
48	Mongolic-Khitan	5	1	(100, 2)
48	Dravidian	13	3	(100, 2)
48	Tungusic	8	2	(100, 2)
48	Unclassified	167	34	(0, 2)
49	Sino-Tibetan	89	18	(100, 2)
49	Austronesian	319	64	(91, 2)
49	Mande	7	2	(50, 2)
49	Atlantic-Congo	144	29	(62, 2)
49	Pano-Tacanan	11	3	(100, 2)
49	Pama-Nyungan	58	12	(92, 2)
49	Arawakan	32	7	(71, 2)
49	Tupian	18	4	(100, 2)
49	Hmong-Mien	9	2	(100, 2)
49	Indo-European	49	10	(100, 2)
49	Afro-Asiatic	43	9	(78, 2)
49	Tucanoan	10	2	(100, 2)
49	Chocoan	5	1	(100, 2)
49	Chibchan	16	4	(100, 2)
49	Quechuan	6	2	(100, 2)
49	Cariban	11	3	(100, 2)
49	Uto-Aztecan	29	6	(100, 2)
49	Nuclear-Macro-Je	7	2	(0, 2)
49	Nyulnyulan	5	1	(100, 2)
49	Nakh-Daghestanian	20	4	(75, 2)
49	Turkic	14	3	(100, 2)
49	Uralic	19	4	(100, 2)
49	Salishan	7	2	(100, 2)
49	Tai-Kadai	5	1	(100, 2)
49	Austroasiatic	55	11	(91, 2)
49	Koiarian	6	2	(100, 2)
49	Nuclear Trans New Guinea	40	8	(62, 2)
49	Mongolic-Khitan	5	1	(100, 2)
49	Dravidian	13	3	(100, 2)
49	Tungusic	8	2	(100, 2)
49	Unclassified	167	34	(0, 2)
50	Sino-Tibetan	89	18	(78, 2)
50	Austronesian	319	64	(86, 2)
50	Mande	7	2	(100, 2)
50	Atlantic-Congo	144	29	(45, 2)
50	Pano-Tacanan	11	3	(100, 2)
50	Pama-Nyungan	58	12	(92, 2)
50	Arawakan	32	7	(71, 2)
50	Tupian	18	4	(100, 2)
50	Hmong-Mien	9	2	(100, 2)
50	Indo-European	49	10	(100, 2)
50	Afro-Asiatic	43	9	(56, 2)
50	Tucanoan	10	2	(100, 2)
50	Chocoan	5	1	(100, 2)
50	Chibchan	16	4	(100, 2)
50	Quechuan	6	2	(100, 2)
50	Cariban	11	3	(100, 2)
50	Uto-Aztecan	29	6	(100, 2)
50	Nuclear-Macro-Je	7	2	(0, 2)
50	Nyulnyulan	5	1	(100, 2)
50	Nakh-Daghestanian	20	4	(100, 2)
50	Turkic	14	3	(100, 2)
50	Uralic	19	4	(100, 2)
50	Salishan	7	2	(50, 2)
50	Tai-Kadai	5	1	(100, 2)
50	Austroasiatic	55	11	(100, 2)
50	Koiarian	6	2	(100, 2)
50	Nuclear Trans New Guinea	40	8	(50, 2)
50	Mongolic-Khitan	5	1	(100, 2)
50	Dravidian	13	3	(100, 2)
50	Tungusic	8	2	(100, 2)
50	Unclassified	167	34	(0, 2)
51	Sino-Tibetan	89	18	(89, 2)
51	Austronesian	319	64	(91, 2)
51	Mande	7	2	(50, 2)
51	Atlantic-Congo	144	29	(59, 2)
51	Pano-Tacanan	11	3	(100, 2)
51	Pama-Nyungan	58	12	(100, 2)
51	Arawakan	32	7	(71, 2)
51	Tupian	18	4	(100, 2)
51	Hmong-Mien	9	2	(100, 2)
51	Indo-European	49	10	(100, 2)
51	Afro-Asiatic	43	9	(89, 2)
51	Tucanoan	10	2	(100, 2)
51	Chocoan	5	1	(100, 2)
51	Chibchan	16	4	(100, 2)
51	Quechuan	6	2	(100, 2)
51	Cariban	11	3	(100, 2)
51	Uto-Aztecan	29	6	(100, 2)
51	Nuclear-Macro-Je	7	2	(0, 2)
51	Nyulnyulan	5	1	(100, 2)
51	Nakh-Daghestanian	20	4	(100, 2)
51	Turkic	14	3	(100, 2)
51	Uralic	19	4	(100, 2)
51	Salishan	7	2	(100, 2)
51	Tai-Kadai	5	1	(100, 2)
51	Austroasiatic	55	11	(91, 2)
51	Koiarian	6	2	(100, 2)
51	Nuclear Trans New Guinea	40	8	(50, 2)
51	Mongolic-Khitan	5	1	(100, 2)
51	Dravidian	13	3	(100, 2)
51	Tungusic	8	2	(100, 2)
51	Unclassified	167	34	(0, 2)
52	Sino-Tibetan	89	18	(83, 2)
52	Austronesian	319	64	(81, 2)
52	Mande	7	2	(0, 2)
52	Atlantic-Congo	144	29	(76, 2)
52	Pano-Tacanan	11	3	(100, 2)
52	Pama-Nyungan	58	12	(83, 2)
52	Arawakan	32	7	(57, 2)
52	Tupian	18	4	(100, 2)
52	Hmong-Mien	9	2	(100, 2)
52	Indo-European	49	10	(100, 2)
52	Afro-Asiatic	43	9	(67, 2)
52	Tucanoan	10	2	(100, 2)
52	Chocoan	5	1	(100, 2)
52	Chibchan	16	4	(75, 2)
52	Quechuan	6	2	(100, 2)
52	Cariban	11	3	(100, 2)
52	Uto-Aztecan	29	6	(100, 2)
52	Nuclear-Macro-Je	7	2	(0, 2)
52	Nyulnyulan	5	1	(100, 2)
52	Nakh-Daghestanian	20	4	(75, 2)
52	Turkic	14	3	(100, 2)
52	Uralic	19	4	(100, 2)
52	Salishan	7	2	(100, 2)
52	Tai-Kadai	5	1	(100, 2)
52	Austroasiatic	55	11	(91, 2)
52	Koiarian	6	2	(100, 2)
52	Nuclear Trans New Guinea	40	8	(88, 2)
52	Mongolic-Khitan	5	1	(100, 2)
52	Dravidian	13	3	(100, 2)
52	Tungusic	8	2	(100, 2)
52	Unclassified	167	34	(0, 2)
53	Sino-Tibetan	89	18	(83, 2)
53	Austronesian	319	64	(91, 2)
53	Mande	7	2	(100, 2)
53	Atlantic-Congo	144	29	(55, 2)
53	Pano-Tacanan	11	3	(100, 2)
53	Pama-Nyungan	58	12	(100, 2)
53	Arawakan	32	7	(57, 2)
53	Tupian	18	4	(100, 2)
53	Hmong-Mien	9	2	(100, 2)
53	Indo-European	49	10	(100, 2)
53	Afro-Asiatic	43	9	(56, 2)
53	Tucanoan	10	2	(100, 2)
53	Chocoan	5	1	(100, 2)
53	Chibchan	16	4	(100, 2)
53	Quechuan	6	2	(100, 2)
53	Cariban	11	3	(100, 2)
53	Uto-Aztecan	29	6	(100, 2)
53	Nuclear-Macro-Je	7	2	(0, 2)
53	Nyulnyulan	5	1	(100, 2)
53	Nakh-Daghestanian	20	4	(100, 2)
53	Turkic	14	3	(100, 2)
53	Uralic	19	4	(100, 2)
53	Salishan	7	2	(100, 2)
53	Tai-Kadai	5	1	(100, 2)
53	Austroasiatic	55	11	(91, 2)
53	Koiarian	6	2	(100, 2)
53	Nuclear Trans New Guinea	40	8	(38, 2)
53	Mongolic-Khitan	5	1	(100, 2)
53	Dravidian	13	3	(100, 2)
53	Tungusic	8	2	(100, 2)
53	Unclassified	167	34	(0, 2)
54	Sino-Tibetan	89	18	(89, 2)
54	Austronesian	319	64	(88, 2)
54	Mande	7	2	(100, 2)
54	Atlantic-Congo	144	29	(69, 2)
54	Pano-Tacanan	11	3	(100, 2)
54	Pama-Nyungan	58	12	(83, 2)
54	Arawakan	32	7	(43, 2)
54	Tupian	18	4	(100, 2)
54	Hmong-Mien	9	2	(100, 2)
54	Indo-European	49	10	(100, 2)
54	Afro-Asiatic	43	9	(67, 2)
54	Tucanoan	10	2	(100, 2)
54	Chocoan	5	1	(100, 2)
54	Chibchan	16	4	(75, 2)
54	Quechuan	6	2	(100, 2)
54	Cariban	11	3	(100, 2)
54	Uto-Aztecan	29	6	(100, 2)
54	Nuclear-Macro-Je	7	2	(0, 2)
54	Nyulnyulan	5	1	(100, 2)
54	Nakh-Daghestanian	20	4	(100, 2)
54	Turkic	14	3	(100, 2)
54	Uralic	19	4	(100, 2)
54	Salishan	7	2	(50, 2)
54	Tai-Kadai	5	1	(100, 2)
54	Austroasiatic	55	11	(91, 2)
54	Koiarian	6	2	(100, 2)
54	Nuclear Trans New Guinea	40	8	(75, 2)
54	Mongolic-Khitan	5	1	(100, 2)
54	Dravidian	13	3	(100, 2)
54	Tungusic	8	2	(100, 2)
54	Unclassified	167	34	(0, 2)
55	Sino-Tibetan	89	18	(78, 2)
55	Austronesian	319	64	(86, 2)
55	Mande	7	2	(100, 2)
55	Atlantic-Congo	144	29	(55, 2)
55	Pano-Tacanan	11	3	(100, 2)
55	Pama-Nyungan	58	12	(75, 2)
55	Arawakan	32	7	(29, 2)
55	Tupian	18	4	(75, 2)
55	Hmong-Mien	9	2	(100, 2)
55	Indo-European	49	10	(100, 2)
55	Afro-Asiatic	43	9	(100, 2)
55	Tucanoan	10	2	(100, 2)
55	Chocoan	5	1	(100, 2)
55	Chibchan	16	4	(100, 2)
55	Quechuan	6	2	(100, 2)
55	Cariban	11	3	(100, 2)
55	Uto-Aztecan	29	6	(100, 2)
55	Nuclear-Macro-Je	7	2	(0, 2)
55	Nyulnyulan	5	1	(100, 2)
55	Nakh-Daghestanian	20	4	(100, 2)
55	Turkic	14	3	(100, 2)
55	Uralic	19	4	(100, 2)
55	Salishan	7	2	(50, 2)
55	Tai-Kadai	5	1	(100, 2)
55	Austroasiatic	55	11	(91, 2)
55	Koiarian	6	2	(100, 2)
55	Nuclear Trans New Guinea	40	8	(50, 2)
55	Mongolic-Khitan	5	1	(100, 2)
55	Dravidian	13	3	(100, 2)
55	Tungusic	8	2	(100, 2)
55	Unclassified	167	34	(0, 2)
56	Sino-Tibetan	89	18	(89, 2)
56	Austronesian	319	64	(86, 2)
56	Mande	7	2	(50, 2)
56	Atlantic-Congo	144	29	(79, 2)
56	Pano-Tacanan	11	3	(100, 2)
56	Pama-Nyungan	58	12	(75, 2)
56	Arawakan	32	7	(86, 2)
56	Tupian	18	4	(75, 2)
56	Hmong-Mien	9	2	(100, 2)
56	Indo-European	49	10	(100, 2)
56	Afro-Asiatic	43	9	(89, 2)
56	Tucanoan	10	2	(100, 2)
56	Chocoan	5	1	(100, 2)
56	Chibchan	16	4	(100, 2)
56	Quechuan	6	2	(100, 2)
56	Cariban	11	3	(100, 2)
56	Uto-Aztecan	29	6	(100, 2)
56	Nuclear-Macro-Je	7	2	(0, 2)
56	Nyulnyulan	5	1	(100, 2)
56	Nakh-Daghestanian	20	4	(100, 2)
56	Turkic	14	3	(100, 2)
56	Uralic	19	4	(100, 2)
56	Salishan	7	2	(100, 2)
56	Tai-Kadai	5	1	(100, 2)
56	Austroasiatic	55	11	(82, 2)
56	Koiarian	6	2	(100, 2)
56	Nuclear Trans New Guinea	40	8	(25, 2)
56	Mongolic-Khitan	5	1	(100, 2)
56	Dravidian	13	3	(100, 2)
56	Tungusic	8	2	(100, 2)
56	Unclassified	167	34	(0, 2)
57	Sino-Tibetan	89	18	(83, 2)
57	Austronesian	319	64	(91, 2)
57	Mande	7	2	(100, 2)
57	Atlantic-Congo	144	29	(62, 2)
57	Pano-Tacanan	11	3	(100, 2)
57	Pama-Nyungan	58	12	(92, 2)
57	Arawakan	32	7	(86, 2)
57	Tupian	18	4	(100, 2)
57	Hmong-Mien	9	2	(100, 2)
57	Indo-European	49	10	(100, 2)
57	Afro-Asiatic	43	9	(67, 2)
57	Tucanoan	10	2	(100, 2)
57	Chocoan	5	1	(100, 2)
57	Chibchan	16	4	(75, 2)
57	Quechuan	6	2	(100, 2)
57	Cariban	11	3	(100, 2)
57	Uto-Aztecan	29	6	(100, 2)
57	Nuclear-Macro-Je	7	2	(0, 2)
57	Nyulnyulan	5	1	(100, 2)
57	Nakh-Daghestanian	20	4	(100, 2)
57	Turkic	14	3	(100, 2)
57	Uralic	19	4	(100, 2)
57	Salishan	7	2	(50, 2)
57	Tai-Kadai	5	1	(100, 2)
57	Austroasiatic	55	11	(82, 2)
57	Koiarian	6	2	(100, 2)
57	Nuclear Trans New Guinea	40	8	(38, 2)
57	Mongolic-Khitan	5	1	(100, 2)
57	Dravidian	13	3	(100, 2)
57	Tungusic	8	2	(100, 2)
57	Unclassified	167	34	(0, 2)
58	Sino-Tibetan	89	18	(100, 2)
58	Austronesian	319	64	(94, 2)
58	Mande	7	2	(100, 2)
58	Atlantic-Congo	144	29	(59, 2)
58	Pano-Tacanan	11	3	(100, 2)
58	Pama-Nyungan	58	12	(75, 2)
58	Arawakan	32	7	(71, 2)
58	Tupian	18	4	(100, 2)
58	Hmong-Mien	9	2	(100, 2)
58	Indo-European	49	10	(100, 2)
58	Afro-Asiatic	43	9	(56, 2)
58	Tucanoan	10	2	(100, 2)
58	Chocoan	5	1	(100, 2)
58	Chibchan	16	4	(100, 2)
58	Quechuan	6	2	(100, 2)
58	Cariban	11	3	(100, 2)
58	Uto-Aztecan	29	6	(100, 2)
58	Nuclear-Macro-Je	7	2	(0, 2)
58	Nyulnyulan	5	1	(100, 2)
58	Nakh-Daghestanian	20	4	(100, 2)
58	Turkic	14	3	(100, 2)
58	Uralic	19	4	(100, 2)
58	Salishan	7	2	(100, 2)
58	Tai-Kadai	5	1	(100, 2)
58	Austroasiatic	55	11	(91, 2)
58	Koiarian	6	2	(100, 2)
58	Nuclear Trans New Guinea	40	8	(25, 2)
58	Mongolic-Khitan	5	1	(100, 2)
58	Dravidian	13	3	(100, 2)
58	Tungusic	8	2	(100, 2)
58	Unclassified	167	34	(0, 2)
59	Sino-Tibetan	89	18	(89, 2)
59	Austronesian	319	64	(91, 2)
59	Mande	7	2	(50, 2)
59	Atlantic-Congo	144	29	(76, 2)
59	Pano-Tacanan	11	3	(100, 2)
59	Pama-Nyungan	58	12	(100, 2)
59	Arawakan	32	7	(57, 2)
59	Tupian	18	4	(100, 2)
59	Hmong-Mien	9	2	(100, 2)
59	Indo-European	49	10	(100, 2)
59	Afro-Asiatic	43	9	(56, 2)
59	Tucanoan	10	2	(100, 2)
59	Chocoan	5	1	(100, 2)
59	Chibchan	16	4	(100, 2)
59	Quechuan	6	2	(100, 2)
59	Cariban	11	3	(100, 2)
59	Uto-Aztecan	29	6	(100, 2)
59	Nuclear-Macro-Je	7	2	(0, 2)
59	Nyulnyulan	5	1	(100, 2)
59	Nakh-Daghestanian	20	4	(100, 2)
59	Turkic	14	3	(100, 2)
59	Uralic	19	4	(100, 2)
59	Salishan	7	2	(100, 2)
59	Tai-Kadai	5	1	(100, 2)
59	Austroasiatic	55	11	(100, 2)
59	Koiarian	6	2	(100, 2)
59	Nuclear Trans New Guinea	40	8	(50, 2)
59	Mongolic-Khitan	5	1	(100, 2)
59	Dravidian	13	3	(100, 2)
59	Tungusic	8	2	(100, 2)
59	Unclassified	167	34	(0, 2)
60	Sino-Tibetan	89	18	(72, 2)
60	Austronesian	319	64	(83, 2)
60	Mande	7	2	(0, 2)
60	Atlantic-Congo	144	29	(69, 2)
60	Pano-Tacanan	11	3	(100, 2)
60	Pama-Nyungan	58	12	(83, 2)
60	Arawakan	32	7	(71, 2)
60	Tupian	18	4	(100, 2)
60	Hmong-Mien	9	2	(100, 2)
60	Indo-European	49	10	(100, 2)
60	Afro-Asiatic	43	9	(78, 2)
60	Tucanoan	10	2	(100, 2)
60	Chocoan	5	1	(100, 2)
60	Chibchan	16	4	(100, 2)
60	Quechuan	6	2	(100, 2)
60	Cariban	11	3	(100, 2)
60	Uto-Aztecan	29	6	(100, 2)
60	Nuclear-Macro-Je	7	2	(0, 2)
60	Nyulnyulan	5	1	(100, 2)
60	Nakh-Daghestanian	20	4	(75, 2)
60	Turkic	14	3	(100, 2)
60	Uralic	19	4	(100, 2)
60	Salishan	7	2	(0, 2)
60	Tai-Kadai	5	1	(100, 2)
60	Austroasiatic	55	11	(100, 2)
60	Koiarian	6	2	(100, 2)
60	Nuclear Trans New Guinea	40	8	(62, 2)
60	Mongolic-Khitan	5	1	(100, 2)
60	Dravidian	13	3	(100, 2)
60	Tungusic	8	2	(100, 2)
60	Unclassified	167	34	(0, 2)
61	Sino-Tibetan	89	18	(89, 2)
61	Austronesian	319	64	(91, 2)
61	Mande	7	2	(50, 2)
61	Atlantic-Congo	144	29	(69, 2)
61	Pano-Tacanan	11	3	(100, 2)
61	Pama-Nyungan	58	12	(100, 2)
61	Arawakan	32	7	(86, 2)
61	Tupian	18	4	(100, 2)
61	Hmong-Mien	9	2	(100, 2)
61	Indo-European	49	10	(100, 2)
61	Afro-Asiatic	43	9	(78, 2)
61	Tucanoan	10	2	(100, 2)
61	Chocoan	5	1	(100, 2)
61	Chibchan	16	4	(75, 2)
61	Quechuan	6	2	(100, 2)
61	Cariban	11	3	(100, 2)
61	Uto-Aztecan	29	6	(100, 2)
61	Nuclear-Macro-Je	7	2	(0, 2)
61	Nyulnyulan	5	1	(100, 2)
61	Nakh-Daghestanian	20	4	(100, 2)
61	Turkic	14	3	(100, 2)
61	Uralic	19	4	(100, 2)
61	Salishan	7	2	(50, 2)
61	Tai-Kadai	5	1	(100, 2)
61	Austroasiatic	55	11	(91, 2)
61	Koiarian	6	2	(100, 2)
61	Nuclear Trans New Guinea	40	8	(88, 2)
61	Mongolic-Khitan	5	1	(100, 2)
61	Dravidian	13	3	(100, 2)
61	Tungusic	8	2	(100, 2)
61	Unclassified	167	34	(0, 2)
62	Sino-Tibetan	89	18	(94, 2)
62	Austronesian	319	64	(92, 2)
62	Mande	7	2	(50, 2)
62	Atlantic-Congo	144	29	(59, 2)
62	Pano-Tacanan	11	3	(100, 2)
62	Pama-Nyungan	58	12	(92, 2)
62	Arawakan	32	7	(86, 2)
62	Tupian	18	4	(100, 2)
62	Hmong-Mien	9	2	(100, 2)
62	Indo-European	49	10	(100, 2)
62	Afro-Asiatic	43	9	(67, 2)
62	Tucanoan	10	2	(100, 2)
62	Chocoan	5	1	(100, 2)
62	Chibchan	16	4	(100, 2)
62	Quechuan	6	2	(100, 2)
62	Cariban	11	3	(100, 2)
62	Uto-Aztecan	29	6	(100, 2)
62	Nuclear-Macro-Je	7	2	(0, 2)
62	Nyulnyulan	5	1	(100, 2)
62	Nakh-Daghestanian	20	4	(100, 2)
62	Turkic	14	3	(100, 2)
62	Uralic	19	4	(100, 2)
62	Salishan	7	2	(100, 2)
62	Tai-Kadai	5	1	(100, 2)
62	Austroasiatic	55	11	(91, 2)
62	Koiarian	6	2	(100, 2)
62	Nuclear Trans New Guinea	40	8	(38, 2)
62	Mongolic-Khitan	5	1	(100, 2)
62	Dravidian	13	3	(100, 2)
62	Tungusic	8	2	(100, 2)
62	Unclassified	167	34	(0, 2)
63	Sino-Tibetan	89	18	(83, 2)
63	Austronesian	319	64	(88, 2)
63	Mande	7	2	(50, 2)
63	Atlantic-Congo	144	29	(76, 2)
63	Pano-Tacanan	11	3	(100, 2)
63	Pama-Nyungan	58	12	(100, 2)
63	Arawakan	32	7	(71, 2)
63	Tupian	18	4	(100, 2)
63	Hmong-Mien	9	2	(100, 2)
63	Indo-European	49	10	(100, 2)
63	Afro-Asiatic	43	9	(67, 2)
63	Tucanoan	10	2	(100, 2)
63	Chocoan	5	1	(100, 2)
63	Chibchan	16	4	(75, 2)
63	Quechuan	6	2	(100, 2)
63	Cariban	11	3	(100, 2)
63	Uto-Aztecan	29	6	(100, 2)
63	Nuclear-Macro-Je	7	2	(0, 2)
63	Nyulnyulan	5	1	(100, 2)
63	Nakh-Daghestanian	20	4	(100, 2)
63	Turkic	14	3	(100, 2)
63	Uralic	19	4	(100, 2)
63	Salishan	7	2	(100, 2)
63	Tai-Kadai	5	1	(100, 2)
63	Austroasiatic	55	11	(91, 2)
63	Koiarian	6	2	(100, 2)
63	Nuclear Trans New Guinea	40	8	(50, 2)
63	Mongolic-Khitan	5	1	(100, 2)
63	Dravidian	13	3	(100, 2)
63	Tungusic	8	2	(100, 2)
63	Unclassified	167	34	(0, 2)
64	Sino-Tibetan	89	18	(89, 2)
64	Austronesian	319	64	(88, 2)
64	Mande	7	2	(50, 2)
64	Atlantic-Congo	144	29	(76, 2)
64	Pano-Tacanan	11	3	(100, 2)
64	Pama-Nyungan	58	12	(92, 2)
64	Arawakan	32	7	(57, 2)
64	Tupian	18	4	(75, 2)
64	Hmong-Mien	9	2	(100, 2)
64	Indo-European	49	10	(100, 2)
64	Afro-Asiatic	43	9	(89, 2)
64	Tucanoan	10	2	(100, 2)
64	Chocoan	5	1	(100, 2)
64	Chibchan	16	4	(75, 2)
64	Quechuan	6	2	(100, 2)
64	Cariban	11	3	(100, 2)
64	Uto-Aztecan	29	6	(100, 2)
64	Nuclear-Macro-Je	7	2	(0, 2)
64	Nyulnyulan	5	1	(100, 2)
64	Nakh-Daghestanian	20	4	(100, 2)
64	Turkic	14	3	(100, 2)
64	Uralic	19	4	(100, 2)
64	Salishan	7	2	(100, 2)
64	Tai-Kadai	5	1	(100, 2)
64	Austroasiatic	55	11	(91, 2)
64	Koiarian	6	2	(100, 2)
64	Nuclear Trans New Guinea	40	8	(38, 2)
64	Mongolic-Khitan	5	1	(100, 2)
64	Dravidian	13	3	(100, 2)
64	Tungusic	8	2	(100, 2)
64	Unclassified	167	34	(0, 2)
65	Sino-Tibetan	89	18	(83, 2)
65	Austronesian	319	64	(91, 2)
65	Mande	7	2	(50, 2)
65	Atlantic-Congo	144	29	(59, 2)
65	Pano-Tacanan	11	3	(100, 2)
65	Pama-Nyungan	58	12	(83, 2)
65	Arawakan	32	7	(86, 2)
65	Tupian	18	4	(100, 2)
65	Hmong-Mien	9	2	(100, 2)
65	Indo-European	49	10	(100, 2)
65	Afro-Asiatic	43	9	(89, 2)
65	Tucanoan	10	2	(100, 2)
65	Chocoan	5	1	(100, 2)
65	Chibchan	16	4	(100, 2)
65	Quechuan	6	2	(100, 2)
65	Cariban	11	3	(100, 2)
65	Uto-Aztecan	29	6	(100, 2)
65	Nuclear-Macro-Je	7	2	(0, 2)
65	Nyulnyulan	5	1	(100, 2)
65	Nakh-Daghestanian	20	4	(75, 2)
65	Turkic	14	3	(100, 2)
65	Uralic	19	4	(100, 2)
65	Salishan	7	2	(50, 2)
65	Tai-Kadai	5	1	(100, 2)
65	Austroasiatic	55	11	(100, 2)
65	Koiarian	6	2	(100, 2)
65	Nuclear Trans New Guinea	40	8	(25, 2)
65	Mongolic-Khitan	5	1	(100, 2)
65	Dravidian	13	3	(100, 2)
65	Tungusic	8	2	(100, 2)
65	Unclassified	167	34	(0, 2)
66	Sino-Tibetan	89	18	(83, 2)
66	Austronesian	319	64	(92, 2)
66	Mande	7	2	(100, 2)
66	Atlantic-Congo	144	29	(48, 2)
66	Pano-Tacanan	11	3	(100, 2)
66	Pama-Nyungan	58	12	(100, 2)
66	Arawakan	32	7	(100, 2)
66	Tupian	18	4	(75, 2)
66	Hmong-Mien	9	2	(100, 2)
66	Indo-European	49	10	(100, 2)
66	Afro-Asiatic	43	9	(67, 2)
66	Tucanoan	10	2	(100, 2)
66	Chocoan	5	1	(100, 2)
66	Chibchan	16	4	(75, 2)
66	Quechuan	6	2	(100, 2)
66	Cariban	11	3	(100, 2)
66	Uto-Aztecan	29	6	(100, 2)
66	Nuclear-Macro-Je	7	2	(0, 2)
66	Nyulnyulan	5	1	(100, 2)
66	Nakh-Daghestanian	20	4	(100, 2)
66	Turkic	14	3	(100, 2)
66	Uralic	19	4	(100, 2)
66	Salishan	7	2	(100, 2)
66	Tai-Kadai	5	1	(100, 2)
66	Austroasiatic	55	11	(73, 2)
66	Koiarian	6	2	(100, 2)
66	Nuclear Trans New Guinea	40	8	(38, 2)
66	Mongolic-Khitan	5	1	(100, 2)
66	Dravidian	13	3	(100, 2)
66	Tungusic	8	2	(100, 2)
66	Unclassified	167	34	(0, 2)
67	Sino-Tibetan	89	18	(89, 2)
67	Austronesian	319	64	(88, 2)
67	Mande	7	2	(100, 2)
67	Atlantic-Congo	144	29	(72, 2)
67	Pano-Tacanan	11	3	(100, 2)
67	Pama-Nyungan	58	12	(92, 2)
67	Arawakan	32	7	(71, 2)
67	Tupian	18	4	(100, 2)
67	Hmong-Mien	9	2	(100, 2)
67	Indo-European	49	10	(100, 2)
67	Afro-Asiatic	43	9	(56, 2)
67	Tucanoan	10	2	(100, 2)
67	Chocoan	5	1	(100, 2)
67	Chibchan	16	4	(75, 2)
67	Quechuan	6	2	(100, 2)
67	Cariban	11	3	(100, 2)
67	Uto-Aztecan	29	6	(100, 2)
67	Nuclear-Macro-Je	7	2	(0, 2)
67	Nyulnyulan	5	1	(100, 2)
67	Nakh-Daghestanian	20	4	(75, 2)
67	Turkic	14	3	(100, 2)
67	Uralic	19	4	(100, 2)
67	Salishan	7	2	(50, 2)
67	Tai-Kadai	5	1	(100, 2)
67	Austroasiatic	55	11	(91, 2)
67	Koiarian	6	2	(100, 2)
67	Nuclear Trans New Guinea	40	8	(12, 2)
67	Mongolic-Khitan	5	1	(100, 2)
67	Dravidian	13	3	(100, 2)
67	Tungusic	8	2	(100, 2)
67	Unclassified	167	34	(0, 2)
68	Sino-Tibetan	89	18	(94, 2)
68	Austronesian	319	64	(88, 2)
68	Mande	7	2	(100, 2)
68	Atlantic-Congo	144	29	(59, 2)
68	Pano-Tacanan	11	3	(100, 2)
68	Pama-Nyungan	58	12	(100, 2)
68	Arawakan	32	7	(71, 2)
68	Tupian	18	4	(100, 2)
68	Hmong-Mien	9	2	(100, 2)
68	Indo-European	49	10	(100, 2)
68	Afro-Asiatic	43	9	(56, 2)
68	Tucanoan	10	2	(100, 2)
68	Chocoan	5	1	(100, 2)
68	Chibchan	16	4	(75, 2)
68	Quechuan	6	2	(100, 2)
68	Cariban	11	3	(100, 2)
68	Uto-Aztecan	29	6	(100, 2)
68	Nuclear-Macro-Je	7	2	(0, 2)
68	Nyulnyulan	5	1	(100, 2)
68	Nakh-Daghestanian	20	4	(75, 2)
68	Turkic	14	3	(100, 2)
68	Uralic	19	4	(100, 2)
68	Salishan	7	2	(100, 2)
68	Tai-Kadai	5	1	(100, 2)
68	Austroasiatic	55	11	(91, 2)
68	Koiarian	6	2	(100, 2)
68	Nuclear Trans New Guinea	40	8	(38, 2)
68	Mongolic-Khitan	5	1	(100, 2)
68	Dravidian	13	3	(100, 2)
68	Tungusic	8	2	(100, 2)
68	Unclassified	167	34	(0, 2)
69	Sino-Tibetan	89	18	(94, 2)
69	Austronesian	319	64	(91, 2)
69	Mande	7	2	(100, 2)
69	Atlantic-Congo	144	29	(69, 2)
69	Pano-Tacanan	11	3	(67, 2)
69	Pama-Nyungan	58	12	(83, 2)
69	Arawakan	32	7	(57, 2)
69	Tupian	18	4	(100, 2)
69	Hmong-Mien	9	2	(100, 2)
69	Indo-European	49	10	(100, 2)
69	Afro-Asiatic	43	9	(89, 2)
69	Tucanoan	10	2	(100, 2)
69	Chocoan	5	1	(100, 2)
69	Chibchan	16	4	(100, 2)
69	Quechuan	6	2	(100, 2)
69	Cariban	11	3	(100, 2)
69	Uto-Aztecan	29	6	(100, 2)
69	Nuclear-Macro-Je	7	2	(0, 2)
69	Nyulnyulan	5	1	(100, 2)
69	Nakh-Daghestanian	20	4	(100, 2)
69	Turkic	14	3	(100, 2)
69	Uralic	19	4	(100, 2)
69	Salishan	7	2	(100, 2)
69	Tai-Kadai	5	1	(100, 2)
69	Austroasiatic	55	11	(82, 2)
69	Koiarian	6	2	(100, 2)
69	Nuclear Trans New Guinea	40	8	(62, 2)
69	Mongolic-Khitan	5	1	(100, 2)
69	Dravidian	13	3	(100, 2)
69	Tungusic	8	2	(100, 2)
69	Unclassified	167	34	(0, 2)
70	Sino-Tibetan	89	18	(94, 2)
70	Austronesian	319	64	(86, 2)
70	Mande	7	2	(50, 2)
70	Atlantic-Congo	144	29	(72, 2)
70	Pano-Tacanan	11	3	(100, 2)
70	Pama-Nyungan	58	12	(75, 2)
70	Arawakan	32	7	(86, 2)
70	Tupian	18	4	(100, 2)
70	Hmong-Mien	9	2	(100, 2)
70	Indo-European	49	10	(100, 2)
70	Afro-Asiatic	43	9	(56, 2)
70	Tucanoan	10	2	(100, 2)
70	Chocoan	5	1	(100, 2)
70	Chibchan	16	4	(100, 2)
70	Quechuan	6	2	(100, 2)
70	Cariban	11	3	(100, 2)
70	Uto-Aztecan	29	6	(100, 2)
70	Nuclear-Macro-Je	7	2	(0, 2)
70	Nyulnyulan	5	1	(100, 2)
70	Nakh-Daghestanian	20	4	(100, 2)
70	Turkic	14	3	(100, 2)
70	Uralic	19	4	(100, 2)
70	Salishan	7	2	(50, 2)
70	Tai-Kadai	5	1	(100, 2)
70	Austroasiatic	55	11	(91, 2)
70	Koiarian	6	2	(100, 2)
70	Nuclear Trans New Guinea	40	8	(62, 2)
70	Mongolic-Khitan	5	1	(100, 2)
70	Dravidian	13	3	(100, 2)
70	Tungusic	8	2	(100, 2)
70	Unclassified	167	34	(0, 2)
71	Sino-Tibetan	89	18	(89, 2)
71	Austronesian	319	64	(86, 2)
71	Mande	7	2	(50, 2)
71	Atlantic-Congo	144	29	(62, 2)
71	Pano-Tacanan	11	3	(100, 2)
71	Pama-Nyungan	58	12	(92, 2)
71	Arawakan	32	7	(43, 2)
71	Tupian	18	4	(75, 2)
71	Hmong-Mien	9	2	(100, 2)
71	Indo-European	49	10	(100, 2)
71	Afro-Asiatic	43	9	(56, 2)
71	Tucanoan	10	2	(100, 2)
71	Chocoan	5	1	(100, 2)
71	Chibchan	16	4	(75, 2)
71	Quechuan	6	2	(100, 2)
71	Cariban	11	3	(100, 2)
71	Uto-Aztecan	29	6	(100, 2)
71	Nuclear-Macro-Je	7	2	(0, 2)
71	Nyulnyulan	5	1	(100, 2)
71	Nakh-Daghestanian	20	4	(100, 2)
71	Turkic	14	3	(100, 2)
71	Uralic	19	4	(100, 2)
71	Salishan	7	2	(100, 2)
71	Tai-Kadai	5	1	(100, 2)
71	Austroasiatic	55	11	(82, 2)
71	Koiarian	6	2	(100, 2)
71	Nuclear Trans New Guinea	40	8	(75, 2)
71	Mongolic-Khitan	5	1	(100, 2)
71	Dravidian	13	3	(100, 2)
71	Tungusic	8	2	(100, 2)
71	Unclassified	167	34	(0, 2)
72	Sino-Tibetan	89	18	(78, 2)
72	Austronesian	319	64	(86, 2)
72	Mande	7	2	(50, 2)
72	Atlantic-Congo	144	29	(69, 2)
72	Pano-Tacanan	11	3	(100, 2)
72	Pama-Nyungan	58	12	(92, 2)
72	Arawakan	32	7	(71, 2)
72	Tupian	18	4	(100, 2)
72	Hmong-Mien	9	2	(100, 2)
72	Indo-European	49	10	(100, 2)
72	Afro-Asiatic	43	9	(67, 2)
72	Tucanoan	10	2	(100, 2)
72	Chocoan	5	1	(100, 2)
72	Chibchan	16	4	(75, 2)
72	Quechuan	6	2	(100, 2)
72	Cariban	11	3	(100, 2)
72	Uto-Aztecan	29	6	(100, 2)
72	Nuclear-Macro-Je	7	2	(0, 2)
72	Nyulnyulan	5	1	(100, 2)
72	Nakh-Daghestanian	20	4	(100, 2)
72	Turkic	14	3	(100, 2)
72	Uralic	19	4	(100, 2)
72	Salishan	7	2	(100, 2)
72	Tai-Kadai	5	1	(100, 2)
72	Austroasiatic	55	11	(91, 2)
72	Koiarian	6	2	(100, 2)
72	Nuclear Trans New Guinea	40	8	(50, 2)
72	Mongolic-Khitan	5	1	(100, 2)
72	Dravidian	13	3	(100, 2)
72	Tungusic	8	2	(100, 2)
72	Unclassified	167	34	(0, 2)
73	Sino-Tibetan	89	18	(89, 2)
73	Austronesian	319	64	(92, 2)
73	Mande	7	2	(100, 2)
73	Atlantic-Congo	144	29	(66, 2)
73	Pano-Tacanan	11	3	(100, 2)
73	Pama-Nyungan	58	12	(92, 2)
73	Arawakan	32	7	(57, 2)
73	Tupian	18	4	(100, 2)
73	Hmong-Mien	9	2	(100, 2)
73	Indo-European	49	10	(100, 2)
73	Afro-Asiatic	43	9	(78, 2)
73	Tucanoan	10	2	(100, 2)
73	Chocoan	5	1	(100, 2)
73	Chibchan	16	4	(100, 2)
73	Quechuan	6	2	(100, 2)
73	Cariban	11	3	(100, 2)
73	Uto-Aztecan	29	6	(100, 2)
73	Nuclear-Macro-Je	7	2	(0, 2)
73	Nyulnyulan	5	1	(100, 2)
73	Nakh-Daghestanian	20	4	(100, 2)
73	Turkic	14	3	(100, 2)
73	Uralic	19	4	(100, 2)
73	Salishan	7	2	(100, 2)
73	Tai-Kadai	5	1	(100, 2)
73	Austroasiatic	55	11	(91, 2)
73	Koiarian	6	2	(100, 2)
73	Nuclear Trans New Guinea	40	8	(50, 2)
73	Mongolic-Khitan	5	1	(100, 2)
73	Dravidian	13	3	(100, 2)
73	Tungusic	8	2	(100, 2)
73	Unclassified	167	34	(0, 2)
74	Sino-Tibetan	89	18	(100, 2)
74	Austronesian	319	64	(89, 2)
74	Mande	7	2	(100, 2)
74	Atlantic-Congo	144	29	(62, 2)
74	Pano-Tacanan	11	3	(100, 2)
74	Pama-Nyungan	58	12	(83, 2)
74	Arawakan	32	7	(57, 2)
74	Tupian	18	4	(100, 2)
74	Hmong-Mien	9	2	(100, 2)
74	Indo-European	49	10	(100, 2)
74	Afro-Asiatic	43	9	(56, 2)
74	Tucanoan	10	2	(100, 2)
74	Chocoan	5	1	(100, 2)
74	Chibchan	16	4	(100, 2)
74	Quechuan	6	2	(100, 2)
74	Cariban	11	3	(100, 2)
74	Uto-Aztecan	29	6	(100, 2)
74	Nuclear-Macro-Je	7	2	(0, 2)
74	Nyulnyulan	5	1	(100, 2)
74	Nakh-Daghestanian	20	4	(75, 2)
74	Turkic	14	3	(100, 2)
74	Uralic	19	4	(100, 2)
74	Salishan	7	2	(50, 2)
74	Tai-Kadai	5	1	(100, 2)
74	Austroasiatic	55	11	(100, 2)
74	Koiarian	6	2	(100, 2)
74	Nuclear Trans New Guinea	40	8	(50, 2)
74	Mongolic-Khitan	5	1	(100, 2)
74	Dravidian	13	3	(100, 2)
74	Tungusic	8	2	(100, 2)
74	Unclassified	167	34	(0, 2)
75	Sino-Tibetan	89	18	(83, 2)
75	Austronesian	319	64	(92, 2)
75	Mande	7	2	(50, 2)
75	Atlantic-Congo	144	29	(72, 2)
75	Pano-Tacanan	11	3	(100, 2)
75	Pama-Nyungan	58	12	(92, 2)
75	Arawakan	32	7	(71, 2)
75	Tupian	18	4	(75, 2)
75	Hmong-Mien	9	2	(100, 2)
75	Indo-European	49	10	(100, 2)
75	Afro-Asiatic	43	9	(89, 2)
75	Tucanoan	10	2	(100, 2)
75	Chocoan	5	1	(100, 2)
75	Chibchan	16	4	(100, 2)
75	Quechuan	6	2	(100, 2)
75	Cariban	11	3	(100, 2)
75	Uto-Aztecan	29	6	(100, 2)
75	Nuclear-Macro-Je	7	2	(0, 2)
75	Nyulnyulan	5	1	(100, 2)
75	Nakh-Daghestanian	20	4	(100, 2)
75	Turkic	14	3	(100, 2)
75	Uralic	19	4	(100, 2)
75	Salishan	7	2	(100, 2)
75	Tai-Kadai	5	1	(100, 2)
75	Austroasiatic	55	11	(91, 2)
75	Koiarian	6	2	(100, 2)
75	Nuclear Trans New Guinea	40	8	(50, 2)
75	Mongolic-Khitan	5	1	(100, 2)
75	Dravidian	13	3	(100, 2)
75	Tungusic	8	2	(100, 2)
75	Unclassified	167	34	(0, 2)
76	Sino-Tibetan	89	18	(89, 2)
76	Austronesian	319	64	(86, 2)
76	Mande	7	2	(100, 2)
76	Atlantic-Congo	144	29	(69, 2)
76	Pano-Tacanan	11	3	(100, 2)
76	Pama-Nyungan	58	12	(92, 2)
76	Arawakan	32	7	(57, 2)
76	Tupian	18	4	(100, 2)
76	Hmong-Mien	9	2	(100, 2)
76	Indo-European	49	10	(100, 2)
76	Afro-Asiatic	43	9	(89, 2)
76	Tucanoan	10	2	(100, 2)
76	Chocoan	5	1	(100, 2)
76	Chibchan	16	4	(75, 2)
76	Quechuan	6	2	(100, 2)
76	Cariban	11	3	(100, 2)
76	Uto-Aztecan	29	6	(100, 2)
76	Nuclear-Macro-Je	7	2	(0, 2)
76	Nyulnyulan	5	1	(100, 2)
76	Nakh-Daghestanian	20	4	(100, 2)
76	Turkic	14	3	(100, 2)
76	Uralic	19	4	(100, 2)
76	Salishan	7	2	(50, 2)
76	Tai-Kadai	5	1	(100, 2)
76	Austroasiatic	55	11	(100, 2)
76	Koiarian	6	2	(100, 2)
76	Nuclear Trans New Guinea	40	8	(62, 2)
76	Mongolic-Khitan	5	1	(100, 2)
76	Dravidian	13	3	(100, 2)
76	Tungusic	8	2	(100, 2)
76	Unclassified	167	34	(0, 2)
77	Sino-Tibetan	89	18	(78, 2)
77	Austronesian	319	64	(88, 2)
77	Mande	7	2	(50, 2)
77	Atlantic-Congo	144	29	(69, 2)
77	Pano-Tacanan	11	3	(100, 2)
77	Pama-Nyungan	58	12	(92, 2)
77	Arawakan	32	7	(71, 2)
77	Tupian	18	4	(100, 2)
77	Hmong-Mien	9	2	(100, 2)
77	Indo-European	49	10	(100, 2)
77	Afro-Asiatic	43	9	(89, 2)
77	Tucanoan	10	2	(100, 2)
77	Chocoan	5	1	(100, 2)
77	Chibchan	16	4	(100, 2)
77	Quechuan	6	2	(100, 2)
77	Cariban	11	3	(100, 2)
77	Uto-Aztecan	29	6	(100, 2)
77	Nuclear-Macro-Je	7	2	(0, 2)
77	Nyulnyulan	5	1	(100, 2)
77	Nakh-Daghestanian	20	4	(75, 2)
77	Turkic	14	3	(100, 2)
77	Uralic	19	4	(100, 2)
77	Salishan	7	2	(50, 2)
77	Tai-Kadai	5	1	(100, 2)
77	Austroasiatic	55	11	(73, 2)
77	Koiarian	6	2	(100, 2)
77	Nuclear Trans New Guinea	40	8	(62, 2)
77	Mongolic-Khitan	5	1	(100, 2)
77	Dravidian	13	3	(100, 2)
77	Tungusic	8	2	(100, 2)
77	Unclassified	167	34	(0, 2)
78	Sino-Tibetan	89	18	(94, 2)
78	Austronesian	319	64	(89, 2)
78	Mande	7	2	(0, 2)
78	Atlantic-Congo	144	29	(72, 2)
78	Pano-Tacanan	11	3	(100, 2)
78	Pama-Nyungan	58	12	(92, 2)
78	Arawakan	32	7	(71, 2)
78	Tupian	18	4	(100, 2)
78	Hmong-Mien	9	2	(100, 2)
78	Indo-European	49	10	(100, 2)
78	Afro-Asiatic	43	9	(56, 2)
78	Tucanoan	10	2	(100, 2)
78	Chocoan	5	1	(100, 2)
78	Chibchan	16	4	(100, 2)
78	Quechuan	6	2	(100, 2)
78	Cariban	11	3	(100, 2)
78	Uto-Aztecan	29	6	(100, 2)
78	Nuclear-Macro-Je	7	2	(0, 2)
78	Nyulnyulan	5	1	(100, 2)
78	Nakh-Daghestanian	20	4	(100, 2)
78	Turkic	14	3	(100, 2)
78	Uralic	19	4	(100, 2)
78	Salishan	7	2	(50, 2)
78	Tai-Kadai	5	1	(100, 2)
78	Austroasiatic	55	11	(100, 2)
78	Koiarian	6	2	(100, 2)
78	Nuclear Trans New Guinea	40	8	(62, 2)
78	Mongolic-Khitan	5	1	(100, 2)
78	Dravidian	13	3	(100, 2)
78	Tungusic	8	2	(100, 2)
78	Unclassified	167	34	(0, 2)
79	Sino-Tibetan	89	18	(83, 2)
79	Austronesian	319	64	(94, 2)
79	Mande	7	2	(100, 2)
79	Atlantic-Congo	144	29	(72, 2)
79	Pano-Tacanan	11	3	(100, 2)
79	Pama-Nyungan	58	12	(100, 2)
79	Arawakan	32	7	(57, 2)
79	Tupian	18	4	(100, 2)
79	Hmong-Mien	9	2	(100, 2)
79	Indo-European	49	10	(100, 2)
79	Afro-Asiatic	43	9	(78, 2)
79	Tucanoan	10	2	(100, 2)
79	Chocoan	5	1	(100, 2)
79	Chibchan	16	4	(100, 2)
79	Quechuan	6	2	(100, 2)
79	Cariban	11	3	(100, 2)
79	Uto-Aztecan	29	6	(100, 2)
79	Nuclear-Macro-Je	7	2	(0, 2)
79	Nyulnyulan	5	1	(100, 2)
79	Nakh-Daghestanian	20	4	(100, 2)
79	Turkic	14	3	(100, 2)
79	Uralic	19	4	(100, 2)
79	Salishan	7	2	(50, 2)
79	Tai-Kadai	5	1	(100, 2)
79	Austroasiatic	55	11	(73, 2)
79	Koiarian	6	2	(100, 2)
79	Nuclear Trans New Guinea	40	8	(62, 2)
79	Mongolic-Khitan	5	1	(100, 2)
79	Dravidian	13	3	(100, 2)
79	Tungusic	8	2	(100, 2)
79	Unclassified	167	34	(0, 2)
80	Sino-Tibetan	89	18	(89, 2)
80	Austronesian	319	64	(91, 2)
80	Mande	7	2	(50, 2)
80	Atlantic-Congo	144	29	(69, 2)
80	Pano-Tacanan	11	3	(100, 2)
80	Pama-Nyungan	58	12	(100, 2)
80	Arawakan	32	7	(71, 2)
80	Tupian	18	4	(100, 2)
80	Hmong-Mien	9	2	(100, 2)
80	Indo-European	49	10	(100, 2)
80	Afro-Asiatic	43	9	(100, 2)
80	Tucanoan	10	2	(100, 2)
80	Chocoan	5	1	(100, 2)
80	Chibchan	16	4	(50, 2)
80	Quechuan	6	2	(100, 2)
80	Cariban	11	3	(100, 2)
80	Uto-Aztecan	29	6	(100, 2)
80	Nuclear-Macro-Je	7	2	(0, 2)
80	Nyulnyulan	5	1	(100, 2)
80	Nakh-Daghestanian	20	4	(100, 2)
80	Turkic	14	3	(100, 2)
80	Uralic	19	4	(100, 2)
80	Salishan	7	2	(100, 2)
80	Tai-Kadai	5	1	(100, 2)
80	Austroasiatic	55	11	(100, 2)
80	Koiarian	6	2	(100, 2)
80	Nuclear Trans New Guinea	40	8	(25, 2)
80	Mongolic-Khitan	5	1	(100, 2)
80	Dravidian	13	3	(100, 2)
80	Tungusic	8	2	(100, 2)
80	Unclassified	167	34	(0, 2)
81	Sino-Tibetan	89	18	(89, 2)
81	Austronesian	319	64	(86, 2)
81	Mande	7	2	(100, 2)
81	Atlantic-Congo	144	29	(72, 2)
81	Pano-Tacanan	11	3	(100, 2)
81	Pama-Nyungan	58	12	(100, 2)
81	Arawakan	32	7	(57, 2)
81	Tupian	18	4	(100, 2)
81	Hmong-Mien	9	2	(100, 2)
81	Indo-European	49	10	(100, 2)
81	Afro-Asiatic	43	9	(67, 2)
81	Tucanoan	10	2	(100, 2)
81	Chocoan	5	1	(100, 2)
81	Chibchan	16	4	(100, 2)
81	Quechuan	6	2	(100, 2)
81	Cariban	11	3	(100, 2)
81	Uto-Aztecan	29	6	(100, 2)
81	Nuclear-Macro-Je	7	2	(0, 2)
81	Nyulnyulan	5	1	(100, 2)
81	Nakh-Daghestanian	20	4	(100, 2)
81	Turkic	14	3	(100, 2)
81	Uralic	19	4	(100, 2)
81	Salishan	7	2	(100, 2)
81	Tai-Kadai	5	1	(100, 2)
81	Austroasiatic	55	11	(82, 2)
81	Koiarian	6	2	(100, 2)
81	Nuclear Trans New Guinea	40	8	(38, 2)
81	Mongolic-Khitan	5	1	(100, 2)
81	Dravidian	13	3	(100, 2)
81	Tungusic	8	2	(100, 2)
81	Unclassified	167	34	(0, 2)
82	Sino-Tibetan	89	18	(78, 2)
82	Austronesian	319	64	(86, 2)
82	Mande	7	2	(100, 2)
82	Atlantic-Congo	144	29	(69, 2)
82	Pano-Tacanan	11	3	(100, 2)
82	Pama-Nyungan	58	12	(92, 2)
82	Arawakan	32	7	(86, 2)
82	Tupian	18	4	(100, 2)
82	Hmong-Mien	9	2	(100, 2)
82	Indo-European	49	10	(100, 2)
82	Afro-Asiatic	43	9	(67, 2)
82	Tucanoan	10	2	(100, 2)
82	Chocoan	5	1	(100, 2)
82	Chibchan	16	4	(75, 2)
82	Quechuan	6	2	(100, 2)
82	Cariban	11	3	(100, 2)
82	Uto-Aztecan	29	6	(100, 2)
82	Nuclear-Macro-Je	7	2	(0, 2)
82	Nyulnyulan	5	1	(100, 2)
82	Nakh-Daghestanian	20	4	(100, 2)
82	Turkic	14	3	(100, 2)
82	Uralic	19	4	(100, 2)
82	Salishan	7	2	(50, 2)
82	Tai-Kadai	5	1	(100, 2)
82	Austroasiatic	55	11	(91, 2)
82	Koiarian	6	2	(100, 2)
82	Nuclear Trans New Guinea	40	8	(38, 2)
82	Mongolic-Khitan	5	1	(100, 2)
82	Dravidian	13	3	(100, 2)
82	Tungusic	8	2	(100, 2)
82	Unclassified	167	34	(0, 2)
83	Sino-Tibetan	89	18	(89, 2)
83	Austronesian	319	64	(86, 2)
83	Mande	7	2	(100, 2)
83	Atlantic-Congo	144	29	(66, 2)
83	Pano-Tacanan	11	3	(100, 2)
83	Pama-Nyungan	58	12	(83, 2)
83	Arawakan	32	7	(71, 2)
83	Tupian	18	4	(100, 2)
83	Hmong-Mien	9	2	(100, 2)
83	Indo-European	49	10	(100, 2)
83	Afro-Asiatic	43	9	(56, 2)
83	Tucanoan	10	2	(100, 2)
83	Chocoan	5	1	(100, 2)
83	Chibchan	16	4	(100, 2)
83	Quechuan	6	2	(100, 2)
83	Cariban	11	3	(100, 2)
83	Uto-Aztecan	29	6	(100, 2)
83	Nuclear-Macro-Je	7	2	(0, 2)
83	Nyulnyulan	5	1	(100, 2)
83	Nakh-Daghestanian	20	4	(100, 2)
83	Turkic	14	3	(100, 2)
83	Uralic	19	4	(100, 2)
83	Salishan	7	2	(100, 2)
83	Tai-Kadai	5	1	(100, 2)
83	Austroasiatic	55	11	(100, 2)
83	Koiarian	6	2	(100, 2)
83	Nuclear Trans New Guinea	40	8	(50, 2)
83	Mongolic-Khitan	5	1	(100, 2)
83	Dravidian	13	3	(100, 2)
83	Tungusic	8	2	(100, 2)
83	Unclassified	167	34	(0, 2)
84	Sino-Tibetan	89	18	(83, 2)
84	Austronesian	319	64	(86, 2)
84	Mande	7	2	(100, 2)
84	Atlantic-Congo	144	29	(66, 2)
84	Pano-Tacanan	11	3	(100, 2)
84	Pama-Nyungan	58	12	(100, 2)
84	Arawakan	32	7	(57, 2)
84	Tupian	18	4	(100, 2)
84	Hmong-Mien	9	2	(100, 2)
84	Indo-European	49	10	(100, 2)
84	Afro-Asiatic	43	9	(89, 2)
84	Tucanoan	10	2	(100, 2)
84	Chocoan	5	1	(100, 2)
84	Chibchan	16	4	(75, 2)
84	Quechuan	6	2	(100, 2)
84	Cariban	11	3	(100, 2)
84	Uto-Aztecan	29	6	(100, 2)
84	Nuclear-Macro-Je	7	2	(0, 2)
84	Nyulnyulan	5	1	(100, 2)
84	Nakh-Daghestanian	20	4	(75, 2)
84	Turkic	14	3	(100, 2)
84	Uralic	19	4	(100, 2)
84	Salishan	7	2	(50, 2)
84	Tai-Kadai	5	1	(100, 2)
84	Austroasiatic	55	11	(82, 2)
84	Koiarian	6	2	(100, 2)
84	Nuclear Trans New Guinea	40	8	(50, 2)
84	Mongolic-Khitan	5	1	(100, 2)
84	Dravidian	13	3	(100, 2)
84	Tungusic	8	2	(100, 2)
84	Unclassified	167	34	(0, 2)
85	Sino-Tibetan	89	18	(89, 2)
85	Austronesian	319	64	(89, 2)
85	Mande	7	2	(50, 2)
85	Atlantic-Congo	144	29	(76, 2)
85	Pano-Tacanan	11	3	(100, 2)
85	Pama-Nyungan	58	12	(92, 2)
85	Arawakan	32	7	(57, 2)
85	Tupian	18	4	(100, 2)
85	Hmong-Mien	9	2	(100, 2)
85	Indo-European	49	10	(100, 2)
85	Afro-Asiatic	43	9	(67, 2)
85	Tucanoan	10	2	(100, 2)
85	Chocoan	5	1	(100, 2)
85	Chibchan	16	4	(100, 2)
85	Quechuan	6	2	(100, 2)
85	Cariban	11	3	(100, 2)
85	Uto-Aztecan	29	6	(100, 2)
85	Nuclear-Macro-Je	7	2	(0, 2)
85	Nyulnyulan	5	1	(100, 2)
85	Nakh-Daghestanian	20	4	(75, 2)
85	Turkic	14	3	(100, 2)
85	Uralic	19	4	(100, 2)
85	Salishan	7	2	(50, 2)
85	Tai-Kadai	5	1	(100, 2)
85	Austroasiatic	55	11	(100, 2)
85	Koiarian	6	2	(100, 2)
85	Nuclear Trans New Guinea	40	8	(50, 2)
85	Mongolic-Khitan	5	1	(100, 2)
85	Dravidian	13	3	(100, 2)
85	Tungusic	8	2	(100, 2)
85	Unclassified	167	34	(0, 2)
86	Sino-Tibetan	89	18	(83, 2)
86	Austronesian	319	64	(88, 2)
86	Mande	7	2	(100, 2)
86	Atlantic-Congo	144	29	(76, 2)
86	Pano-Tacanan	11	3	(100, 2)
86	Pama-Nyungan	58	12	(75, 2)
86	Arawakan	32	7	(71, 2)
86	Tupian	18	4	(100, 2)
86	Hmong-Mien	9	2	(100, 2)
86	Indo-European	49	10	(100, 2)
86	Afro-Asiatic	43	9	(89, 2)
86	Tucanoan	10	2	(100, 2)
86	Chocoan	5	1	(100, 2)
86	Chibchan	16	4	(75, 2)
86	Quechuan	6	2	(100, 2)
86	Cariban	11	3	(100, 2)
86	Uto-Aztecan	29	6	(100, 2)
86	Nuclear-Macro-Je	7	2	(0, 2)
86	Nyulnyulan	5	1	(100, 2)
86	Nakh-Daghestanian	20	4	(100, 2)
86	Turkic	14	3	(100, 2)
86	Uralic	19	4	(100, 2)
86	Salishan	7	2	(50, 2)
86	Tai-Kadai	5	1	(100, 2)
86	Austroasiatic	55	11	(82, 2)
86	Koiarian	6	2	(100, 2)
86	Nuclear Trans New Guinea	40	8	(75, 2)
86	Mongolic-Khitan	5	1	(100, 2)
86	Dravidian	13	3	(100, 2)
86	Tungusic	8	2	(100, 2)
86	Unclassified	167	34	(0, 2)
87	Sino-Tibetan	89	18	(89, 2)
87	Austronesian	319	64	(88, 2)
87	Mande	7	2	(0, 2)
87	Atlantic-Congo	144	29	(62, 2)
87	Pano-Tacanan	11	3	(100, 2)
87	Pama-Nyungan	58	12	(100, 2)
87	Arawakan	32	7	(71, 2)
87	Tupian	18	4	(100, 2)
87	Hmong-Mien	9	2	(100, 2)
87	Indo-European	49	10	(100, 2)
87	Afro-Asiatic	43	9	(78, 2)
87	Tucanoan	10	2	(100, 2)
87	Chocoan	5	1	(100, 2)
87	Chibchan	16	4	(75, 2)
87	Quechuan	6	2	(100, 2)
87	Cariban	11	3	(100, 2)
87	Uto-Aztecan	29	6	(100, 2)
87	Nuclear-Macro-Je	7	2	(0, 2)
87	Nyulnyulan	5	1	(100, 2)
87	Nakh-Daghestanian	20	4	(75, 2)
87	Turkic	14	3	(100, 2)
87	Uralic	19	4	(100, 2)
87	Salishan	7	2	(50, 2)
87	Tai-Kadai	5	1	(100, 2)
87	Austroasiatic	55	11	(82, 2)
87	Koiarian	6	2	(100, 2)
87	Nuclear Trans New Guinea	40	8	(62, 2)
87	Mongolic-Khitan	5	1	(100, 2)
87	Dravidian	13	3	(100, 2)
87	Tungusic	8	2	(100, 2)
87	Unclassified	167	34	(0, 2)
88	Sino-Tibetan	89	18	(94, 2)
88	Austronesian	319	64	(89, 2)
88	Mande	7	2	(100, 2)
88	Atlantic-Congo	144	29	(66, 2)
88	Pano-Tacanan	11	3	(100, 2)
88	Pama-Nyungan	58	12	(83, 2)
88	Arawakan	32	7	(57, 2)
88	Tupian	18	4	(100, 2)
88	Hmong-Mien	9	2	(100, 2)
88	Indo-European	49	10	(100, 2)
88	Afro-Asiatic	43	9	(100, 2)
88	Tucanoan	10	2	(100, 2)
88	Chocoan	5	1	(100, 2)
88	Chibchan	16	4	(100, 2)
88	Quechuan	6	2	(100, 2)
88	Cariban	11	3	(100, 2)
88	Uto-Aztecan	29	6	(100, 2)
88	Nuclear-Macro-Je	7	2	(0, 2)
88	Nyulnyulan	5	1	(100, 2)
88	Nakh-Daghestanian	20	4	(100, 2)
88	Turkic	14	3	(100, 2)
88	Uralic	19	4	(100, 2)
88	Salishan	7	2	(50, 2)
88	Tai-Kadai	5	1	(100, 2)
88	Austroasiatic	55	11	(91, 2)
88	Koiarian	6	2	(100, 2)
88	Nuclear Trans New Guinea	40	8	(62, 2)
88	Mongolic-Khitan	5	1	(100, 2)
88	Dravidian	13	3	(100, 2)
88	Tungusic	8	2	(100, 2)
88	Unclassified	167	34	(0, 2)
89	Sino-Tibetan	89	18	(72, 2)
89	Austronesian	319	64	(84, 2)
89	Mande	7	2	(100, 2)
89	Atlantic-Congo	144	29	(76, 2)
89	Pano-Tacanan	11	3	(100, 2)
89	Pama-Nyungan	58	12	(83, 2)
89	Arawakan	32	7	(100, 2)
89	Tupian	18	4	(75, 2)
89	Hmong-Mien	9	2	(100, 2)
89	Indo-European	49	10	(100, 2)
89	Afro-Asiatic	43	9	(67, 2)
89	Tucanoan	10	2	(100, 2)
89	Chocoan	5	1	(100, 2)
89	Chibchan	16	4	(100, 2)
89	Quechuan	6	2	(100, 2)
89	Cariban	11	3	(100, 2)
89	Uto-Aztecan	29	6	(100, 2)
89	Nuclear-Macro-Je	7	2	(0, 2)
89	Nyulnyulan	5	1	(100, 2)
89	Nakh-Daghestanian	20	4	(100, 2)
89	Turkic	14	3	(100, 2)
89	Uralic	19	4	(100, 2)
89	Salishan	7	2	(50, 2)
89	Tai-Kadai	5	1	(100, 2)
89	Austroasiatic	55	11	(91, 2)
89	Koiarian	6	2	(100, 2)
89	Nuclear Trans New Guinea	40	8	(62, 2)
89	Mongolic-Khitan	5	1	(100, 2)
89	Dravidian	13	3	(100, 2)
89	Tungusic	8	2	(100, 2)
89	Unclassified	167	34	(0, 2)
90	Sino-Tibetan	89	18	(83, 2)
90	Austronesian	319	64	(84, 2)
90	Mande	7	2	(100, 2)
90	Atlantic-Congo	144	29	(69, 2)
90	Pano-Tacanan	11	3	(100, 2)
90	Pama-Nyungan	58	12	(83, 2)
90	Arawakan	32	7	(71, 2)
90	Tupian	18	4	(100, 2)
90	Hmong-Mien	9	2	(100, 2)
90	Indo-European	49	10	(100, 2)
90	Afro-Asiatic	43	9	(100, 2)
90	Tucanoan	10	2	(100, 2)
90	Chocoan	5	1	(100, 2)
90	Chibchan	16	4	(75, 2)
90	Quechuan	6	2	(100, 2)
90	Cariban	11	3	(100, 2)
90	Uto-Aztecan	29	6	(100, 2)
90	Nuclear-Macro-Je	7	2	(0, 2)
90	Nyulnyulan	5	1	(100, 2)
90	Nakh-Daghestanian	20	4	(100, 2)
90	Turkic	14	3	(100, 2)
90	Uralic	19	4	(100, 2)
90	Salishan	7	2	(100, 2)
90	Tai-Kadai	5	1	(100, 2)
90	Austroasiatic	55	11	(91, 2)
90	Koiarian	6	2	(100, 2)
90	Nuclear Trans New Guinea	40	8	(62, 2)
90	Mongolic-Khitan	5	1	(100, 2)
90	Dravidian	13	3	(100, 2)
90	Tungusic	8	2	(100, 2)
90	Unclassified	167	34	(0, 2)
91	Sino-Tibetan	89	18	(94, 2)
91	Austronesian	319	64	(86, 2)
91	Mande	7	2	(100, 2)
91	Atlantic-Congo	144	29	(59, 2)
91	Pano-Tacanan	11	3	(100, 2)
91	Pama-Nyungan	58	12	(92, 2)
91	Arawakan	32	7	(57, 2)
91	Tupian	18	4	(100, 2)
91	Hmong-Mien	9	2	(100, 2)
91	Indo-European	49	10	(100, 2)
91	Afro-Asiatic	43	9	(67, 2)
91	Tucanoan	10	2	(100, 2)
91	Chocoan	5	1	(100, 2)
91	Chibchan	16	4	(75, 2)
91	Quechuan	6	2	(100, 2)
91	Cariban	11	3	(100, 2)
91	Uto-Aztecan	29	6	(100, 2)
91	Nuclear-Macro-Je	7	2	(0, 2)
91	Nyulnyulan	5	1	(100, 2)
91	Nakh-Daghestanian	20	4	(100, 2)
91	Turkic	14	3	(100, 2)
91	Uralic	19	4	(100, 2)
91	Salishan	7	2	(50, 2)
91	Tai-Kadai	5	1	(100, 2)
91	Austroasiatic	55	11	(91, 2)
91	Koiarian	6	2	(100, 2)
91	Nuclear Trans New Guinea	40	8	(25, 2)
91	Mongolic-Khitan	5	1	(100, 2)
91	Dravidian	13	3	(100, 2)
91	Tungusic	8	2	(100, 2)
91	Unclassified	167	34	(0, 2)
92	Sino-Tibetan	89	18	(78, 2)
92	Austronesian	319	64	(88, 2)
92	Mande	7	2	(50, 2)
92	Atlantic-Congo	144	29	(55, 2)
92	Pano-Tacanan	11	3	(100, 2)
92	Pama-Nyungan	58	12	(92, 2)
92	Arawakan	32	7	(71, 2)
92	Tupian	18	4	(100, 2)
92	Hmong-Mien	9	2	(100, 2)
92	Indo-European	49	10	(100, 2)
92	Afro-Asiatic	43	9	(78, 2)
92	Tucanoan	10	2	(100, 2)
92	Chocoan	5	1	(100, 2)
92	Chibchan	16	4	(75, 2)
92	Quechuan	6	2	(100, 2)
92	Cariban	11	3	(100, 2)
92	Uto-Aztecan	29	6	(100, 2)
92	Nuclear-Macro-Je	7	2	(0, 2)
92	Nyulnyulan	5	1	(100, 2)
92	Nakh-Daghestanian	20	4	(75, 2)
92	Turkic	14	3	(100, 2)
92	Uralic	19	4	(100, 2)
92	Salishan	7	2	(100, 2)
92	Tai-Kadai	5	1	(100, 2)
92	Austroasiatic	55	11	(82, 2)
92	Koiarian	6	2	(100, 2)
92	Nuclear Trans New Guinea	40	8	(25, 2)
92	Mongolic-Khitan	5	1	(100, 2)
92	Dravidian	13	3	(100, 2)
92	Tungusic	8	2	(100, 2)
92	Unclassified	167	34	(0, 2)
93	Sino-Tibetan	89	18	(89, 2)
93	Austronesian	319	64	(84, 2)
93	Mande	7	2	(100, 2)
93	Atlantic-Congo	144	29	(69, 2)
93	Pano-Tacanan	11	3	(100, 2)
93	Pama-Nyungan	58	12	(92, 2)
93	Arawakan	32	7	(86, 2)
93	Tupian	18	4	(100, 2)
93	Hmong-Mien	9	2	(100, 2)
93	Indo-European	49	10	(100, 2)
93	Afro-Asiatic	43	9	(89, 2)
93	Tucanoan	10	2	(100, 2)
93	Chocoan	5	1	(100, 2)
93	Chibchan	16	4	(75, 2)
93	Quechuan	6	2	(100, 2)
93	Cariban	11	3	(100, 2)
93	Uto-Aztecan	29	6	(100, 2)
93	Nuclear-Macro-Je	7	2	(0, 2)
93	Nyulnyulan	5	1	(100, 2)
93	Nakh-Daghestanian	20	4	(100, 2)
93	Turkic	14	3	(100, 2)
93	Uralic	19	4	(100, 2)
93	Salishan	7	2	(100, 2)
93	Tai-Kadai	5	1	(100, 2)
93	Austroasiatic	55	11	(82, 2)
93	Koiarian	6	2	(100, 2)
93	Nuclear Trans New Guinea	40	8	(50, 2)
93	Mongolic-Khitan	5	1	(100, 2)
93	Dravidian	13	3	(100, 2)
93	Tungusic	8	2	(100, 2)
93	Unclassified	167	34	(0, 2)
94	Sino-Tibetan	89	18	(89, 2)
94	Austronesian	319	64	(92, 2)
94	Mande	7	2	(100, 2)
94	Atlantic-Congo	144	29	(79, 2)
94	Pano-Tacanan	11	3	(100, 2)
94	Pama-Nyungan	58	12	(92, 2)
94	Arawakan	32	7	(57, 2)
94	Tupian	18	4	(75, 2)
94	Hmong-Mien	9	2	(100, 2)
94	Indo-European	49	10	(100, 2)
94	Afro-Asiatic	43	9	(56, 2)
94	Tucanoan	10	2	(100, 2)
94	Chocoan	5	1	(100, 2)
94	Chibchan	16	4	(100, 2)
94	Quechuan	6	2	(100, 2)
94	Cariban	11	3	(100, 2)
94	Uto-Aztecan	29	6	(100, 2)
94	Nuclear-Macro-Je	7	2	(0, 2)
94	Nyulnyulan	5	1	(100, 2)
94	Nakh-Daghestanian	20	4	(100, 2)
94	Turkic	14	3	(100, 2)
94	Uralic	19	4	(100, 2)
94	Salishan	7	2	(50, 2)
94	Tai-Kadai	5	1	(100, 2)
94	Austroasiatic	55	11	(100, 2)
94	Koiarian	6	2	(100, 2)
94	Nuclear Trans New Guinea	40	8	(50, 2)
94	Mongolic-Khitan	5	1	(100, 2)
94	Dravidian	13	3	(100, 2)
94	Tungusic	8	2	(100, 2)
94	Unclassified	167	34	(0, 2)
95	Sino-Tibetan	89	18	(83, 2)
95	Austronesian	319	64	(83, 2)
95	Mande	7	2	(100, 2)
95	Atlantic-Congo	144	29	(69, 2)
95	Pano-Tacanan	11	3	(100, 2)
95	Pama-Nyungan	58	12	(92, 2)
95	Arawakan	32	7	(57, 2)
95	Tupian	18	4	(100, 2)
95	Hmong-Mien	9	2	(100, 2)
95	Indo-European	49	10	(100, 2)
95	Afro-Asiatic	43	9	(78, 2)
95	Tucanoan	10	2	(100, 2)
95	Chocoan	5	1	(100, 2)
95	Chibchan	16	4	(100, 2)
95	Quechuan	6	2	(100, 2)
95	Cariban	11	3	(100, 2)
95	Uto-Aztecan	29	6	(100, 2)
95	Nuclear-Macro-Je	7	2	(0, 2)
95	Nyulnyulan	5	1	(100, 2)
95	Nakh-Daghestanian	20	4	(100, 2)
95	Turkic	14	3	(100, 2)
95	Uralic	19	4	(100, 2)
95	Salishan	7	2	(50, 2)
95	Tai-Kadai	5	1	(100, 2)
95	Austroasiatic	55	11	(82, 2)
95	Koiarian	6	2	(100, 2)
95	Nuclear Trans New Guinea	40	8	(50, 2)
95	Mongolic-Khitan	5	1	(100, 2)
95	Dravidian	13	3	(100, 2)
95	Tungusic	8	2	(100, 2)
95	Unclassified	167	34	(0, 2)
96	Sino-Tibetan	89	18	(83, 2)
96	Austronesian	319	64	(89, 2)
96	Mande	7	2	(100, 2)
96	Atlantic-Congo	144	29	(59, 2)
96	Pano-Tacanan	11	3	(100, 2)
96	Pama-Nyungan	58	12	(92, 2)
96	Arawakan	32	7	(71, 2)
96	Tupian	18	4	(100, 2)
96	Hmong-Mien	9	2	(100, 2)
96	Indo-European	49	10	(100, 2)
96	Afro-Asiatic	43	9	(89, 2)
96	Tucanoan	10	2	(100, 2)
96	Chocoan	5	1	(100, 2)
96	Chibchan	16	4	(50, 2)
96	Quechuan	6	2	(100, 2)
96	Cariban	11	3	(100, 2)
96	Uto-Aztecan	29	6	(100, 2)
96	Nuclear-Macro-Je	7	2	(0, 2)
96	Nyulnyulan	5	1	(100, 2)
96	Nakh-Daghestanian	20	4	(100, 2)
96	Turkic	14	3	(100, 2)
96	Uralic	19	4	(100, 2)
96	Salishan	7	2	(100, 2)
96	Tai-Kadai	5	1	(100, 2)
96	Austroasiatic	55	11	(91, 2)
96	Koiarian	6	2	(100, 2)
96	Nuclear Trans New Guinea	40	8	(12, 2)
96	Mongolic-Khitan	5	1	(100, 2)
96	Dravidian	13	3	(100, 2)
96	Tungusic	8	2	(100, 2)
96	Unclassified	167	34	(0, 2)
97	Sino-Tibetan	89	18	(94, 2)
97	Austronesian	319	64	(92, 2)
97	Mande	7	2	(0, 2)
97	Atlantic-Congo	144	29	(76, 2)
97	Pano-Tacanan	11	3	(100, 2)
97	Pama-Nyungan	58	12	(92, 2)
97	Arawakan	32	7	(71, 2)
97	Tupian	18	4	(75, 2)
97	Hmong-Mien	9	2	(100, 2)
97	Indo-European	49	10	(100, 2)
97	Afro-Asiatic	43	9	(78, 2)
97	Tucanoan	10	2	(100, 2)
97	Chocoan	5	1	(100, 2)
97	Chibchan	16	4	(75, 2)
97	Quechuan	6	2	(100, 2)
97	Cariban	11	3	(100, 2)
97	Uto-Aztecan	29	6	(100, 2)
97	Nuclear-Macro-Je	7	2	(0, 2)
97	Nyulnyulan	5	1	(100, 2)
97	Nakh-Daghestanian	20	4	(100, 2)
97	Turkic	14	3	(100, 2)
97	Uralic	19	4	(100, 2)
97	Salishan	7	2	(50, 2)
97	Tai-Kadai	5	1	(100, 2)
97	Austroasiatic	55	11	(91, 2)
97	Koiarian	6	2	(100, 2)
97	Nuclear Trans New Guinea	40	8	(62, 2)
97	Mongolic-Khitan	5	1	(100, 2)
97	Dravidian	13	3	(100, 2)
97	Tungusic	8	2	(100, 2)
97	Unclassified	167	34	(0, 2)
98	Sino-Tibetan	89	18	(94, 2)
98	Austronesian	319	64	(88, 2)
98	Mande	7	2	(50, 2)
98	Atlantic-Congo	144	29	(69, 2)
98	Pano-Tacanan	11	3	(100, 2)
98	Pama-Nyungan	58	12	(75, 2)
98	Arawakan	32	7	(71, 2)
98	Tupian	18	4	(100, 2)
98	Hmong-Mien	9	2	(100, 2)
98	Indo-European	49	10	(100, 2)
98	Afro-Asiatic	43	9	(89, 2)
98	Tucanoan	10	2	(100, 2)
98	Chocoan	5	1	(100, 2)
98	Chibchan	16	4	(75, 2)
98	Quechuan	6	2	(100, 2)
98	Cariban	11	3	(100, 2)
98	Uto-Aztecan	29	6	(100, 2)
98	Nuclear-Macro-Je	7	2	(0, 2)
98	Nyulnyulan	5	1	(100, 2)
98	Nakh-Daghestanian	20	4	(100, 2)
98	Turkic	14	3	(100, 2)
98	Uralic	19	4	(100, 2)
98	Salishan	7	2	(100, 2)
98	Tai-Kadai	5	1	(100, 2)
98	Austroasiatic	55	11	(91, 2)
98	Koiarian	6	2	(100, 2)
98	Nuclear Trans New Guinea	40	8	(50, 2)
98	Mongolic-Khitan	5	1	(100, 2)
98	Dravidian	13	3	(100, 2)
98	Tungusic	8	2	(100, 2)
98	Unclassified	167	34	(0, 2)
99	Sino-Tibetan	89	18	(83, 2)
99	Austronesian	319	64	(91, 2)
99	Mande	7	2	(100, 2)
99	Atlantic-Congo	144	29	(69, 2)
99	Pano-Tacanan	11	3	(100, 2)
99	Pama-Nyungan	58	12	(92, 2)
99	Arawakan	32	7	(43, 2)
99	Tupian	18	4	(100, 2)
99	Hmong-Mien	9	2	(100, 2)
99	Indo-European	49	10	(90, 2)
99	Afro-Asiatic	43	9	(78, 2)
99	Tucanoan	10	2	(100, 2)
99	Chocoan	5	1	(100, 2)
99	Chibchan	16	4	(75, 2)
99	Quechuan	6	2	(100, 2)
99	Cariban	11	3	(100, 2)
99	Uto-Aztecan	29	6	(100, 2)
99	Nuclear-Macro-Je	7	2	(0, 2)
99	Nyulnyulan	5	1	(100, 2)
99	Nakh-Daghestanian	20	4	(100, 2)
99	Turkic	14	3	(100, 2)
99	Uralic	19	4	(100, 2)
99	Salishan	7	2	(100, 2)
99	Tai-Kadai	5	1	(100, 2)
99	Austroasiatic	55	11	(82, 2)
99	Koiarian	6	2	(100, 2)
99	Nuclear Trans New Guinea	40	8	(62, 2)
99	Mongolic-Khitan	5	1	(100, 2)
99	Dravidian	13	3	(100, 2)
99	Tungusic	8	2	(100, 2)
99	Unclassified	167	34	(0, 2)
100	Sino-Tibetan	89	18	(100, 2)
100	Austronesian	319	64	(91, 2)
100	Mande	7	2	(100, 2)
100	Atlantic-Congo	144	29	(83, 2)
100	Pano-Tacanan	11	3	(100, 2)
100	Pama-Nyungan	58	12	(100, 2)
100	Arawakan	32	7	(86, 2)
100	Tupian	18	4	(100, 2)
100	Hmong-Mien	9	2	(100, 2)
100	Indo-European	49	10	(100, 2)
100	Afro-Asiatic	43	9	(78, 2)
100	Tucanoan	10	2	(100, 2)
100	Chocoan	5	1	(100, 2)
100	Chibchan	16	4	(75, 2)
100	Quechuan	6	2	(100, 2)
100	Cariban	11	3	(100, 2)
100	Uto-Aztecan	29	6	(100, 2)
100	Nuclear-Macro-Je	7	2	(0, 2)
100	Nyulnyulan	5	1	(100, 2)
100	Nakh-Daghestanian	20	4	(50, 2)
100	Turkic	14	3	(100, 2)
100	Uralic	19	4	(100, 2)
100	Salishan	7	2	(50, 2)
100	Tai-Kadai	5	1	(100, 2)
100	Austroasiatic	55	11	(100, 2)
100	Koiarian	6	2	(100, 2)
100	Nuclear Trans New Guinea	40	8	(62, 2)
100	Mongolic-Khitan	5	1	(100, 2)
100	Dravidian	13	3	(100, 2)
100	Tungusic	8	2	(100, 2)
100	Unclassified	167	34	(0, 2)
