1	Atlantic-Congo	143	29	68.97
1	Arawakan	32	7	57.14
1	Sino-Tibetan	89	18	100
1	Tupian	17	4	100
1	Pama-Nyungan	57	12	75.0
1	Afro-Asiatic	43	9	88.89
1	Nuclear Trans New Guinea	40	8	25.0
1	Austronesian	313	63	79.37
1	Nakh-Daghestanian	20	4	100
1	Indo-European	49	10	90.0
1	Pano-Tacanan	11	3	66.67
1	Koiarian	6	2	100
1	Nuclear-Macro-Je	7	2	0
1	Quechuan	6	2	100
1	Turkic	14	3	100
1	Dravidian	13	3	100
1	Austroasiatic	54	11	100
1	Mande	7	2	100
1	Tai-Kadai	5	1	100
1	Tucanoan	10	2	100
1	Nyulnyulan	5	1	100
1	Salishan	6	2	100
1	Chibchan	16	4	75.0
1	Uto-Aztecan	29	6	100
1	Chocoan	5	1	100
1	Hmong-Mien	9	2	100
1	Uralic	19	4	100
1	Mongolic-Khitan	5	1	100
1	Cariban	11	3	100
1	Tungusic	8	2	100
1	Unclassified	168	34	0
2	Atlantic-Congo	143	29	58.62
2	Arawakan	32	7	100
2	Sino-Tibetan	89	18	94.44
2	Tupian	17	4	75.0
2	Pama-Nyungan	57	12	83.33
2	Afro-Asiatic	43	9	66.67
2	Nuclear Trans New Guinea	40	8	25.0
2	Austronesian	313	63	82.54
2	Nakh-Daghestanian	20	4	100
2	Indo-European	49	10	100
2	Pano-Tacanan	11	3	100
2	Koiarian	6	2	100
2	Nuclear-Macro-Je	7	2	0
2	Quechuan	6	2	100
2	Turkic	14	3	100
2	Dravidian	13	3	100
2	Austroasiatic	54	11	100
2	Mande	7	2	100
2	Tai-Kadai	5	1	100
2	Tucanoan	10	2	100
2	Nyulnyulan	5	1	100
2	Salishan	6	2	100
2	Chibchan	16	4	50.0
2	Uto-Aztecan	29	6	100
2	Chocoan	5	1	100
2	Hmong-Mien	9	2	100
2	Uralic	19	4	100
2	Mongolic-Khitan	5	1	100
2	Cariban	11	3	100
2	Tungusic	8	2	100
2	Unclassified	168	34	0
3	Atlantic-Congo	143	29	79.31
3	Arawakan	32	7	85.71
3	Sino-Tibetan	89	18	100
3	Tupian	17	4	75.0
3	Pama-Nyungan	57	12	91.67
3	Afro-Asiatic	43	9	88.89
3	Nuclear Trans New Guinea	40	8	25.0
3	Austronesian	313	63	85.71
3	Nakh-Daghestanian	20	4	100
3	Indo-European	49	10	90.0
3	Pano-Tacanan	11	3	100
3	Koiarian	6	2	100
3	Nuclear-Macro-Je	7	2	0
3	Quechuan	6	2	100
3	Turkic	14	3	100
3	Dravidian	13	3	100
3	Austroasiatic	54	11	90.91
3	Mande	7	2	100
3	Tai-Kadai	5	1	100
3	Tucanoan	10	2	100
3	Nyulnyulan	5	1	100
3	Salishan	6	2	100
3	Chibchan	16	4	75.0
3	Uto-Aztecan	29	6	100
3	Chocoan	5	1	100
3	Hmong-Mien	9	2	100
3	Uralic	19	4	100
3	Mongolic-Khitan	5	1	100
3	Cariban	11	3	100
3	Tungusic	8	2	100
3	Unclassified	168	34	0
4	Atlantic-Congo	143	29	72.41
4	Arawakan	32	7	85.71
4	Sino-Tibetan	89	18	100
4	Tupian	17	4	100
4	Pama-Nyungan	57	12	91.67
4	Afro-Asiatic	43	9	100
4	Nuclear Trans New Guinea	40	8	25.0
4	Austronesian	313	63	90.48
4	Nakh-Daghestanian	20	4	100
4	Indo-European	49	10	80.0
4	Pano-Tacanan	11	3	100
4	Koiarian	6	2	100
4	Nuclear-Macro-Je	7	2	0
4	Quechuan	6	2	100
4	Turkic	14	3	100
4	Dravidian	13	3	100
4	Austroasiatic	54	11	100
4	Mande	7	2	100
4	Tai-Kadai	5	1	100
4	Tucanoan	10	2	100
4	Nyulnyulan	5	1	100
4	Salishan	6	2	100
4	Chibchan	16	4	100
4	Uto-Aztecan	29	6	100
4	Chocoan	5	1	100
4	Hmong-Mien	9	2	100
4	Uralic	19	4	100
4	Mongolic-Khitan	5	1	100
4	Cariban	11	3	100
4	Tungusic	8	2	100
4	Unclassified	168	34	0
5	Atlantic-Congo	143	29	79.31
5	Arawakan	32	7	100
5	Sino-Tibetan	89	18	88.89
5	Tupian	17	4	100
5	Pama-Nyungan	57	12	91.67
5	Afro-Asiatic	43	9	66.67
5	Nuclear Trans New Guinea	40	8	37.5
5	Austronesian	313	63	84.13
5	Nakh-Daghestanian	20	4	100
5	Indo-European	49	10	100
5	Pano-Tacanan	11	3	100
5	Koiarian	6	2	100
5	Nuclear-Macro-Je	7	2	50.0
5	Quechuan	6	2	100
5	Turkic	14	3	100
5	Dravidian	13	3	100
5	Austroasiatic	54	11	100
5	Mande	7	2	100
5	Tai-Kadai	5	1	100
5	Tucanoan	10	2	100
5	Nyulnyulan	5	1	100
5	Salishan	6	2	100
5	Chibchan	16	4	100
5	Uto-Aztecan	29	6	100
5	Chocoan	5	1	100
5	Hmong-Mien	9	2	100
5	Uralic	19	4	100
5	Mongolic-Khitan	5	1	100
5	Cariban	11	3	100
5	Tungusic	8	2	100
5	Unclassified	168	34	0
6	Atlantic-Congo	143	29	75.86
6	Arawakan	32	7	100
6	Sino-Tibetan	89	18	88.89
6	Tupian	17	4	100
6	Pama-Nyungan	57	12	75.0
6	Afro-Asiatic	43	9	77.78
6	Nuclear Trans New Guinea	40	8	25.0
6	Austronesian	313	63	87.3
6	Nakh-Daghestanian	20	4	100
6	Indo-European	49	10	100
6	Pano-Tacanan	11	3	100
6	Koiarian	6	2	100
6	Nuclear-Macro-Je	7	2	50.0
6	Quechuan	6	2	100
6	Turkic	14	3	100
6	Dravidian	13	3	100
6	Austroasiatic	54	11	90.91
6	Mande	7	2	100
6	Tai-Kadai	5	1	100
6	Tucanoan	10	2	100
6	Nyulnyulan	5	1	100
6	Salishan	6	2	100
6	Chibchan	16	4	100
6	Uto-Aztecan	29	6	100
6	Chocoan	5	1	100
6	Hmong-Mien	9	2	100
6	Uralic	19	4	100
6	Mongolic-Khitan	5	1	100
6	Cariban	11	3	100
6	Tungusic	8	2	100
6	Unclassified	168	34	0
7	Atlantic-Congo	143	29	89.66
7	Arawakan	32	7	100
7	Sino-Tibetan	89	18	94.44
7	Tupian	17	4	100
7	Pama-Nyungan	57	12	75.0
7	Afro-Asiatic	43	9	100
7	Nuclear Trans New Guinea	40	8	12.5
7	Austronesian	313	63	80.95
7	Nakh-Daghestanian	20	4	100
7	Indo-European	49	10	100
7	Pano-Tacanan	11	3	100
7	Koiarian	6	2	100
7	Nuclear-Macro-Je	7	2	50.0
7	Quechuan	6	2	100
7	Turkic	14	3	100
7	Dravidian	13	3	100
7	Austroasiatic	54	11	100
7	Mande	7	2	100
7	Tai-Kadai	5	1	100
7	Tucanoan	10	2	100
7	Nyulnyulan	5	1	100
7	Salishan	6	2	100
7	Chibchan	16	4	75.0
7	Uto-Aztecan	29	6	100
7	Chocoan	5	1	100
7	Hmong-Mien	9	2	100
7	Uralic	19	4	100
7	Mongolic-Khitan	5	1	100
7	Cariban	11	3	100
7	Tungusic	8	2	100
7	Unclassified	168	34	0
8	Atlantic-Congo	143	29	79.31
8	Arawakan	32	7	100
8	Sino-Tibetan	89	18	100
8	Tupian	17	4	75.0
8	Pama-Nyungan	57	12	83.33
8	Afro-Asiatic	43	9	66.67
8	Nuclear Trans New Guinea	40	8	12.5
8	Austronesian	313	63	79.37
8	Nakh-Daghestanian	20	4	100
8	Indo-European	49	10	100
8	Pano-Tacanan	11	3	100
8	Koiarian	6	2	100
8	Nuclear-Macro-Je	7	2	50.0
8	Quechuan	6	2	100
8	Turkic	14	3	100
8	Dravidian	13	3	100
8	Austroasiatic	54	11	100
8	Mande	7	2	100
8	Tai-Kadai	5	1	100
8	Tucanoan	10	2	100
8	Nyulnyulan	5	1	100
8	Salishan	6	2	100
8	Chibchan	16	4	75.0
8	Uto-Aztecan	29	6	100
8	Chocoan	5	1	100
8	Hmong-Mien	9	2	100
8	Uralic	19	4	100
8	Mongolic-Khitan	5	1	100
8	Cariban	11	3	100
8	Tungusic	8	2	100
8	Unclassified	168	34	0
9	Atlantic-Congo	143	29	72.41
9	Arawakan	32	7	100
9	Sino-Tibetan	89	18	100
9	Tupian	17	4	75.0
9	Pama-Nyungan	57	12	75.0
9	Afro-Asiatic	43	9	66.67
9	Nuclear Trans New Guinea	40	8	25.0
9	Austronesian	313	63	90.48
9	Nakh-Daghestanian	20	4	100
9	Indo-European	49	10	90.0
9	Pano-Tacanan	11	3	100
9	Koiarian	6	2	100
9	Nuclear-Macro-Je	7	2	50.0
9	Quechuan	6	2	100
9	Turkic	14	3	100
9	Dravidian	13	3	100
9	Austroasiatic	54	11	100
9	Mande	7	2	100
9	Tai-Kadai	5	1	100
9	Tucanoan	10	2	100
9	Nyulnyulan	5	1	100
9	Salishan	6	2	100
9	Chibchan	16	4	100
9	Uto-Aztecan	29	6	100
9	Chocoan	5	1	100
9	Hmong-Mien	9	2	100
9	Uralic	19	4	100
9	Mongolic-Khitan	5	1	100
9	Cariban	11	3	100
9	Tungusic	8	2	100
9	Unclassified	168	34	0
10	Atlantic-Congo	143	29	89.66
10	Arawakan	32	7	71.43
10	Sino-Tibetan	89	18	100
10	Tupian	17	4	100
10	Pama-Nyungan	57	12	83.33
10	Afro-Asiatic	43	9	88.89
10	Nuclear Trans New Guinea	40	8	62.5
10	Austronesian	313	63	79.37
10	Nakh-Daghestanian	20	4	100
10	Indo-European	49	10	100
10	Pano-Tacanan	11	3	100
10	Koiarian	6	2	100
10	Nuclear-Macro-Je	7	2	0
10	Quechuan	6	2	100
10	Turkic	14	3	100
10	Dravidian	13	3	100
10	Austroasiatic	54	11	100
10	Mande	7	2	100
10	Tai-Kadai	5	1	100
10	Tucanoan	10	2	100
10	Nyulnyulan	5	1	100
10	Salishan	6	2	100
10	Chibchan	16	4	100
10	Uto-Aztecan	29	6	100
10	Chocoan	5	1	100
10	Hmong-Mien	9	2	100
10	Uralic	19	4	100
10	Mongolic-Khitan	5	1	100
10	Cariban	11	3	100
10	Tungusic	8	2	100
10	Unclassified	168	34	0
11	Atlantic-Congo	143	29	68.97
11	Arawakan	32	7	85.71
11	Sino-Tibetan	89	18	94.44
11	Tupian	17	4	75.0
11	Pama-Nyungan	57	12	58.33
11	Afro-Asiatic	43	9	88.89
11	Nuclear Trans New Guinea	40	8	0
11	Austronesian	313	63	80.95
11	Nakh-Daghestanian	20	4	100
11	Indo-European	49	10	100
11	Pano-Tacanan	11	3	100
11	Koiarian	6	2	100
11	Nuclear-Macro-Je	7	2	0
11	Quechuan	6	2	100
11	Turkic	14	3	100
11	Dravidian	13	3	100
11	Austroasiatic	54	11	90.91
11	Mande	7	2	100
11	Tai-Kadai	5	1	100
11	Tucanoan	10	2	100
11	Nyulnyulan	5	1	100
11	Salishan	6	2	100
11	Chibchan	16	4	100
11	Uto-Aztecan	29	6	100
11	Chocoan	5	1	100
11	Hmong-Mien	9	2	100
11	Uralic	19	4	100
11	Mongolic-Khitan	5	1	100
11	Cariban	11	3	100
11	Tungusic	8	2	100
11	Unclassified	168	34	0
12	Atlantic-Congo	143	29	79.31
12	Arawakan	32	7	85.71
12	Sino-Tibetan	89	18	100
12	Tupian	17	4	75.0
12	Pama-Nyungan	57	12	83.33
12	Afro-Asiatic	43	9	100
12	Nuclear Trans New Guinea	40	8	50.0
12	Austronesian	313	63	84.13
12	Nakh-Daghestanian	20	4	100
12	Indo-European	49	10	90.0
12	Pano-Tacanan	11	3	100
12	Koiarian	6	2	100
12	Nuclear-Macro-Je	7	2	0
12	Quechuan	6	2	100
12	Turkic	14	3	100
12	Dravidian	13	3	100
12	Austroasiatic	54	11	100
12	Mande	7	2	100
12	Tai-Kadai	5	1	100
12	Tucanoan	10	2	100
12	Nyulnyulan	5	1	100
12	Salishan	6	2	100
12	Chibchan	16	4	75.0
12	Uto-Aztecan	29	6	100
12	Chocoan	5	1	100
12	Hmong-Mien	9	2	100
12	Uralic	19	4	100
12	Mongolic-Khitan	5	1	100
12	Cariban	11	3	100
12	Tungusic	8	2	100
12	Unclassified	168	34	0
13	Atlantic-Congo	143	29	75.86
13	Arawakan	32	7	85.71
13	Sino-Tibetan	89	18	100
13	Tupian	17	4	100
13	Pama-Nyungan	57	12	83.33
13	Afro-Asiatic	43	9	88.89
13	Nuclear Trans New Guinea	40	8	25.0
13	Austronesian	313	63	84.13
13	Nakh-Daghestanian	20	4	100
13	Indo-European	49	10	90.0
13	Pano-Tacanan	11	3	100
13	Koiarian	6	2	100
13	Nuclear-Macro-Je	7	2	50.0
13	Quechuan	6	2	100
13	Turkic	14	3	100
13	Dravidian	13	3	100
13	Austroasiatic	54	11	100
13	Mande	7	2	100
13	Tai-Kadai	5	1	100
13	Tucanoan	10	2	100
13	Nyulnyulan	5	1	100
13	Salishan	6	2	100
13	Chibchan	16	4	100
13	Uto-Aztecan	29	6	100
13	Chocoan	5	1	100
13	Hmong-Mien	9	2	100
13	Uralic	19	4	100
13	Mongolic-Khitan	5	1	100
13	Cariban	11	3	100
13	Tungusic	8	2	100
13	Unclassified	168	34	0
14	Atlantic-Congo	143	29	79.31
14	Arawakan	32	7	85.71
14	Sino-Tibetan	89	18	100
14	Tupian	17	4	50.0
14	Pama-Nyungan	57	12	91.67
14	Afro-Asiatic	43	9	77.78
14	Nuclear Trans New Guinea	40	8	25.0
14	Austronesian	313	63	84.13
14	Nakh-Daghestanian	20	4	100
14	Indo-European	49	10	100
14	Pano-Tacanan	11	3	100
14	Koiarian	6	2	100
14	Nuclear-Macro-Je	7	2	50.0
14	Quechuan	6	2	100
14	Turkic	14	3	100
14	Dravidian	13	3	100
14	Austroasiatic	54	11	100
14	Mande	7	2	100
14	Tai-Kadai	5	1	100
14	Tucanoan	10	2	100
14	Nyulnyulan	5	1	100
14	Salishan	6	2	100
14	Chibchan	16	4	75.0
14	Uto-Aztecan	29	6	100
14	Chocoan	5	1	100
14	Hmong-Mien	9	2	100
14	Uralic	19	4	100
14	Mongolic-Khitan	5	1	100
14	Cariban	11	3	100
14	Tungusic	8	2	100
14	Unclassified	168	34	0
15	Atlantic-Congo	143	29	75.86
15	Arawakan	32	7	85.71
15	Sino-Tibetan	89	18	94.44
15	Tupian	17	4	100
15	Pama-Nyungan	57	12	75.0
15	Afro-Asiatic	43	9	77.78
15	Nuclear Trans New Guinea	40	8	25.0
15	Austronesian	313	63	95.24
15	Nakh-Daghestanian	20	4	100
15	Indo-European	49	10	90.0
15	Pano-Tacanan	11	3	100
15	Koiarian	6	2	100
15	Nuclear-Macro-Je	7	2	0
15	Quechuan	6	2	100
15	Turkic	14	3	100
15	Dravidian	13	3	100
15	Austroasiatic	54	11	100
15	Mande	7	2	100
15	Tai-Kadai	5	1	100
15	Tucanoan	10	2	100
15	Nyulnyulan	5	1	100
15	Salishan	6	2	100
15	Chibchan	16	4	100
15	Uto-Aztecan	29	6	100
15	Chocoan	5	1	100
15	Hmong-Mien	9	2	100
15	Uralic	19	4	100
15	Mongolic-Khitan	5	1	100
15	Cariban	11	3	100
15	Tungusic	8	2	100
15	Unclassified	168	34	0
16	Atlantic-Congo	143	29	68.97
16	Arawakan	32	7	100
16	Sino-Tibetan	89	18	94.44
16	Tupian	17	4	100
16	Pama-Nyungan	57	12	83.33
16	Afro-Asiatic	43	9	66.67
16	Nuclear Trans New Guinea	40	8	12.5
16	Austronesian	313	63	82.54
16	Nakh-Daghestanian	20	4	100
16	Indo-European	49	10	100
16	Pano-Tacanan	11	3	66.67
16	Koiarian	6	2	100
16	Nuclear-Macro-Je	7	2	0
16	Quechuan	6	2	100
16	Turkic	14	3	100
16	Dravidian	13	3	100
16	Austroasiatic	54	11	100
16	Mande	7	2	100
16	Tai-Kadai	5	1	100
16	Tucanoan	10	2	100
16	Nyulnyulan	5	1	100
16	Salishan	6	2	100
16	Chibchan	16	4	75.0
16	Uto-Aztecan	29	6	100
16	Chocoan	5	1	100
16	Hmong-Mien	9	2	100
16	Uralic	19	4	100
16	Mongolic-Khitan	5	1	100
16	Cariban	11	3	100
16	Tungusic	8	2	100
16	Unclassified	168	34	0
17	Atlantic-Congo	143	29	75.86
17	Arawakan	32	7	71.43
17	Sino-Tibetan	89	18	94.44
17	Tupian	17	4	100
17	Pama-Nyungan	57	12	91.67
17	Afro-Asiatic	43	9	100
17	Nuclear Trans New Guinea	40	8	12.5
17	Austronesian	313	63	79.37
17	Nakh-Daghestanian	20	4	100
17	Indo-European	49	10	100
17	Pano-Tacanan	11	3	100
17	Koiarian	6	2	100
17	Nuclear-Macro-Je	7	2	50.0
17	Quechuan	6	2	100
17	Turkic	14	3	100
17	Dravidian	13	3	100
17	Austroasiatic	54	11	100
17	Mande	7	2	100
17	Tai-Kadai	5	1	100
17	Tucanoan	10	2	100
17	Nyulnyulan	5	1	100
17	Salishan	6	2	100
17	Chibchan	16	4	75.0
17	Uto-Aztecan	29	6	100
17	Chocoan	5	1	100
17	Hmong-Mien	9	2	100
17	Uralic	19	4	100
17	Mongolic-Khitan	5	1	100
17	Cariban	11	3	100
17	Tungusic	8	2	100
17	Unclassified	168	34	0
18	Atlantic-Congo	143	29	75.86
18	Arawakan	32	7	85.71
18	Sino-Tibetan	89	18	94.44
18	Tupian	17	4	100
18	Pama-Nyungan	57	12	66.67
18	Afro-Asiatic	43	9	77.78
18	Nuclear Trans New Guinea	40	8	12.5
18	Austronesian	313	63	88.89
18	Nakh-Daghestanian	20	4	100
18	Indo-European	49	10	100
18	Pano-Tacanan	11	3	100
18	Koiarian	6	2	100
18	Nuclear-Macro-Je	7	2	0
18	Quechuan	6	2	100
18	Turkic	14	3	100
18	Dravidian	13	3	100
18	Austroasiatic	54	11	90.91
18	Mande	7	2	100
18	Tai-Kadai	5	1	100
18	Tucanoan	10	2	100
18	Nyulnyulan	5	1	100
18	Salishan	6	2	100
18	Chibchan	16	4	75.0
18	Uto-Aztecan	29	6	100
18	Chocoan	5	1	100
18	Hmong-Mien	9	2	100
18	Uralic	19	4	100
18	Mongolic-Khitan	5	1	100
18	Cariban	11	3	100
18	Tungusic	8	2	100
18	Unclassified	168	34	0
19	Atlantic-Congo	143	29	72.41
19	Arawakan	32	7	100
19	Sino-Tibetan	89	18	100
19	Tupian	17	4	100
19	Pama-Nyungan	57	12	83.33
19	Afro-Asiatic	43	9	77.78
19	Nuclear Trans New Guinea	40	8	12.5
19	Austronesian	313	63	77.78
19	Nakh-Daghestanian	20	4	100
19	Indo-European	49	10	100
19	Pano-Tacanan	11	3	100
19	Koiarian	6	2	100
19	Nuclear-Macro-Je	7	2	0
19	Quechuan	6	2	100
19	Turkic	14	3	100
19	Dravidian	13	3	100
19	Austroasiatic	54	11	100
19	Mande	7	2	100
19	Tai-Kadai	5	1	100
19	Tucanoan	10	2	100
19	Nyulnyulan	5	1	100
19	Salishan	6	2	100
19	Chibchan	16	4	75.0
19	Uto-Aztecan	29	6	100
19	Chocoan	5	1	100
19	Hmong-Mien	9	2	100
19	Uralic	19	4	100
19	Mongolic-Khitan	5	1	100
19	Cariban	11	3	100
19	Tungusic	8	2	100
19	Unclassified	168	34	0
20	Atlantic-Congo	143	29	79.31
20	Arawakan	32	7	100
20	Sino-Tibetan	89	18	94.44
20	Tupian	17	4	100
20	Pama-Nyungan	57	12	83.33
20	Afro-Asiatic	43	9	88.89
20	Nuclear Trans New Guinea	40	8	62.5
20	Austronesian	313	63	85.71
20	Nakh-Daghestanian	20	4	100
20	Indo-European	49	10	100
20	Pano-Tacanan	11	3	100
20	Koiarian	6	2	100
20	Nuclear-Macro-Je	7	2	0
20	Quechuan	6	2	100
20	Turkic	14	3	100
20	Dravidian	13	3	100
20	Austroasiatic	54	11	100
20	Mande	7	2	100
20	Tai-Kadai	5	1	100
20	Tucanoan	10	2	100
20	Nyulnyulan	5	1	100
20	Salishan	6	2	100
20	Chibchan	16	4	100
20	Uto-Aztecan	29	6	100
20	Chocoan	5	1	100
20	Hmong-Mien	9	2	100
20	Uralic	19	4	100
20	Mongolic-Khitan	5	1	100
20	Cariban	11	3	100
20	Tungusic	8	2	100
20	Unclassified	168	34	0
21	Atlantic-Congo	143	29	65.52
21	Arawakan	32	7	100
21	Sino-Tibetan	89	18	94.44
21	Tupian	17	4	75.0
21	Pama-Nyungan	57	12	75.0
21	Afro-Asiatic	43	9	55.56
21	Nuclear Trans New Guinea	40	8	25.0
21	Austronesian	313	63	88.89
21	Nakh-Daghestanian	20	4	100
21	Indo-European	49	10	100
21	Pano-Tacanan	11	3	100
21	Koiarian	6	2	100
21	Nuclear-Macro-Je	7	2	0
21	Quechuan	6	2	100
21	Turkic	14	3	100
21	Dravidian	13	3	100
21	Austroasiatic	54	11	90.91
21	Mande	7	2	100
21	Tai-Kadai	5	1	100
21	Tucanoan	10	2	100
21	Nyulnyulan	5	1	100
21	Salishan	6	2	100
21	Chibchan	16	4	75.0
21	Uto-Aztecan	29	6	100
21	Chocoan	5	1	100
21	Hmong-Mien	9	2	100
21	Uralic	19	4	100
21	Mongolic-Khitan	5	1	100
21	Cariban	11	3	100
21	Tungusic	8	2	100
21	Unclassified	168	34	0
22	Atlantic-Congo	143	29	55.17
22	Arawakan	32	7	85.71
22	Sino-Tibetan	89	18	100
22	Tupian	17	4	100
22	Pama-Nyungan	57	12	66.67
22	Afro-Asiatic	43	9	77.78
22	Nuclear Trans New Guinea	40	8	50.0
22	Austronesian	313	63	80.95
22	Nakh-Daghestanian	20	4	100
22	Indo-European	49	10	90.0
22	Pano-Tacanan	11	3	100
22	Koiarian	6	2	100
22	Nuclear-Macro-Je	7	2	0
22	Quechuan	6	2	100
22	Turkic	14	3	100
22	Dravidian	13	3	100
22	Austroasiatic	54	11	90.91
22	Mande	7	2	100
22	Tai-Kadai	5	1	100
22	Tucanoan	10	2	100
22	Nyulnyulan	5	1	100
22	Salishan	6	2	100
22	Chibchan	16	4	100
22	Uto-Aztecan	29	6	100
22	Chocoan	5	1	100
22	Hmong-Mien	9	2	100
22	Uralic	19	4	100
22	Mongolic-Khitan	5	1	100
22	Cariban	11	3	100
22	Tungusic	8	2	100
22	Unclassified	168	34	0
23	Atlantic-Congo	143	29	72.41
23	Arawakan	32	7	85.71
23	Sino-Tibetan	89	18	94.44
23	Tupian	17	4	100
23	Pama-Nyungan	57	12	83.33
23	Afro-Asiatic	43	9	77.78
23	Nuclear Trans New Guinea	40	8	12.5
23	Austronesian	313	63	87.3
23	Nakh-Daghestanian	20	4	100
23	Indo-European	49	10	100
23	Pano-Tacanan	11	3	100
23	Koiarian	6	2	100
23	Nuclear-Macro-Je	7	2	0
23	Quechuan	6	2	100
23	Turkic	14	3	100
23	Dravidian	13	3	100
23	Austroasiatic	54	11	90.91
23	Mande	7	2	100
23	Tai-Kadai	5	1	100
23	Tucanoan	10	2	100
23	Nyulnyulan	5	1	100
23	Salishan	6	2	100
23	Chibchan	16	4	75.0
23	Uto-Aztecan	29	6	100
23	Chocoan	5	1	100
23	Hmong-Mien	9	2	100
23	Uralic	19	4	100
23	Mongolic-Khitan	5	1	100
23	Cariban	11	3	100
23	Tungusic	8	2	100
23	Unclassified	168	34	0
24	Atlantic-Congo	143	29	75.86
24	Arawakan	32	7	85.71
24	Sino-Tibetan	89	18	100
24	Tupian	17	4	100
24	Pama-Nyungan	57	12	66.67
24	Afro-Asiatic	43	9	77.78
24	Nuclear Trans New Guinea	40	8	12.5
24	Austronesian	313	63	76.19
24	Nakh-Daghestanian	20	4	100
24	Indo-European	49	10	100
24	Pano-Tacanan	11	3	100
24	Koiarian	6	2	100
24	Nuclear-Macro-Je	7	2	0
24	Quechuan	6	2	100
24	Turkic	14	3	100
24	Dravidian	13	3	100
24	Austroasiatic	54	11	81.82
24	Mande	7	2	100
24	Tai-Kadai	5	1	100
24	Tucanoan	10	2	100
24	Nyulnyulan	5	1	100
24	Salishan	6	2	100
24	Chibchan	16	4	100
24	Uto-Aztecan	29	6	100
24	Chocoan	5	1	100
24	Hmong-Mien	9	2	100
24	Uralic	19	4	100
24	Mongolic-Khitan	5	1	100
24	Cariban	11	3	100
24	Tungusic	8	2	100
24	Unclassified	168	34	0
25	Atlantic-Congo	143	29	75.86
25	Arawakan	32	7	100
25	Sino-Tibetan	89	18	94.44
25	Tupian	17	4	75.0
25	Pama-Nyungan	57	12	83.33
25	Afro-Asiatic	43	9	88.89
25	Nuclear Trans New Guinea	40	8	25.0
25	Austronesian	313	63	84.13
25	Nakh-Daghestanian	20	4	100
25	Indo-European	49	10	100
25	Pano-Tacanan	11	3	100
25	Koiarian	6	2	100
25	Nuclear-Macro-Je	7	2	0
25	Quechuan	6	2	100
25	Turkic	14	3	100
25	Dravidian	13	3	100
25	Austroasiatic	54	11	100
25	Mande	7	2	100
25	Tai-Kadai	5	1	100
25	Tucanoan	10	2	100
25	Nyulnyulan	5	1	100
25	Salishan	6	2	100
25	Chibchan	16	4	100
25	Uto-Aztecan	29	6	100
25	Chocoan	5	1	100
25	Hmong-Mien	9	2	100
25	Uralic	19	4	100
25	Mongolic-Khitan	5	1	100
25	Cariban	11	3	100
25	Tungusic	8	2	100
25	Unclassified	168	34	0
26	Atlantic-Congo	143	29	65.52
26	Arawakan	32	7	71.43
26	Sino-Tibetan	89	18	94.44
26	Tupian	17	4	75.0
26	Pama-Nyungan	57	12	91.67
26	Afro-Asiatic	43	9	100
26	Nuclear Trans New Guinea	40	8	37.5
26	Austronesian	313	63	79.37
26	Nakh-Daghestanian	20	4	100
26	Indo-European	49	10	100
26	Pano-Tacanan	11	3	100
26	Koiarian	6	2	100
26	Nuclear-Macro-Je	7	2	0
26	Quechuan	6	2	100
26	Turkic	14	3	100
26	Dravidian	13	3	100
26	Austroasiatic	54	11	90.91
26	Mande	7	2	100
26	Tai-Kadai	5	1	100
26	Tucanoan	10	2	100
26	Nyulnyulan	5	1	100
26	Salishan	6	2	100
26	Chibchan	16	4	75.0
26	Uto-Aztecan	29	6	100
26	Chocoan	5	1	100
26	Hmong-Mien	9	2	100
26	Uralic	19	4	100
26	Mongolic-Khitan	5	1	100
26	Cariban	11	3	100
26	Tungusic	8	2	100
26	Unclassified	168	34	0
27	Atlantic-Congo	143	29	68.97
27	Arawakan	32	7	71.43
27	Sino-Tibetan	89	18	100
27	Tupian	17	4	100
27	Pama-Nyungan	57	12	58.33
27	Afro-Asiatic	43	9	66.67
27	Nuclear Trans New Guinea	40	8	25.0
27	Austronesian	313	63	85.71
27	Nakh-Daghestanian	20	4	100
27	Indo-European	49	10	100
27	Pano-Tacanan	11	3	100
27	Koiarian	6	2	100
27	Nuclear-Macro-Je	7	2	0
27	Quechuan	6	2	100
27	Turkic	14	3	100
27	Dravidian	13	3	100
27	Austroasiatic	54	11	90.91
27	Mande	7	2	100
27	Tai-Kadai	5	1	100
27	Tucanoan	10	2	100
27	Nyulnyulan	5	1	100
27	Salishan	6	2	100
27	Chibchan	16	4	100
27	Uto-Aztecan	29	6	100
27	Chocoan	5	1	100
27	Hmong-Mien	9	2	100
27	Uralic	19	4	100
27	Mongolic-Khitan	5	1	100
27	Cariban	11	3	100
27	Tungusic	8	2	100
27	Unclassified	168	34	0
28	Atlantic-Congo	143	29	68.97
28	Arawakan	32	7	71.43
28	Sino-Tibetan	89	18	100
28	Tupian	17	4	100
28	Pama-Nyungan	57	12	75.0
28	Afro-Asiatic	43	9	66.67
28	Nuclear Trans New Guinea	40	8	62.5
28	Austronesian	313	63	85.71
28	Nakh-Daghestanian	20	4	100
28	Indo-European	49	10	90.0
28	Pano-Tacanan	11	3	100
28	Koiarian	6	2	100
28	Nuclear-Macro-Je	7	2	50.0
28	Quechuan	6	2	100
28	Turkic	14	3	100
28	Dravidian	13	3	100
28	Austroasiatic	54	11	100
28	Mande	7	2	100
28	Tai-Kadai	5	1	100
28	Tucanoan	10	2	100
28	Nyulnyulan	5	1	100
28	Salishan	6	2	100
28	Chibchan	16	4	100
28	Uto-Aztecan	29	6	100
28	Chocoan	5	1	100
28	Hmong-Mien	9	2	100
28	Uralic	19	4	100
28	Mongolic-Khitan	5	1	100
28	Cariban	11	3	100
28	Tungusic	8	2	100
28	Unclassified	168	34	0
29	Atlantic-Congo	143	29	75.86
29	Arawakan	32	7	85.71
29	Sino-Tibetan	89	18	94.44
29	Tupian	17	4	100
29	Pama-Nyungan	57	12	75.0
29	Afro-Asiatic	43	9	66.67
29	Nuclear Trans New Guinea	40	8	12.5
29	Austronesian	313	63	85.71
29	Nakh-Daghestanian	20	4	100
29	Indo-European	49	10	90.0
29	Pano-Tacanan	11	3	100
29	Koiarian	6	2	100
29	Nuclear-Macro-Je	7	2	50.0
29	Quechuan	6	2	100
29	Turkic	14	3	100
29	Dravidian	13	3	100
29	Austroasiatic	54	11	100
29	Mande	7	2	100
29	Tai-Kadai	5	1	100
29	Tucanoan	10	2	100
29	Nyulnyulan	5	1	100
29	Salishan	6	2	100
29	Chibchan	16	4	100
29	Uto-Aztecan	29	6	100
29	Chocoan	5	1	100
29	Hmong-Mien	9	2	100
29	Uralic	19	4	100
29	Mongolic-Khitan	5	1	100
29	Cariban	11	3	100
29	Tungusic	8	2	100
29	Unclassified	168	34	0
30	Atlantic-Congo	143	29	79.31
30	Arawakan	32	7	100
30	Sino-Tibetan	89	18	100
30	Tupian	17	4	100
30	Pama-Nyungan	57	12	83.33
30	Afro-Asiatic	43	9	88.89
30	Nuclear Trans New Guinea	40	8	25.0
30	Austronesian	313	63	87.3
30	Nakh-Daghestanian	20	4	75.0
30	Indo-European	49	10	100
30	Pano-Tacanan	11	3	100
30	Koiarian	6	2	100
30	Nuclear-Macro-Je	7	2	50.0
30	Quechuan	6	2	100
30	Turkic	14	3	100
30	Dravidian	13	3	100
30	Austroasiatic	54	11	90.91
30	Mande	7	2	100
30	Tai-Kadai	5	1	100
30	Tucanoan	10	2	100
30	Nyulnyulan	5	1	100
30	Salishan	6	2	100
30	Chibchan	16	4	100
30	Uto-Aztecan	29	6	100
30	Chocoan	5	1	100
30	Hmong-Mien	9	2	100
30	Uralic	19	4	100
30	Mongolic-Khitan	5	1	100
30	Cariban	11	3	100
30	Tungusic	8	2	100
30	Unclassified	168	34	0
31	Atlantic-Congo	143	29	65.52
31	Arawakan	32	7	71.43
31	Sino-Tibetan	89	18	100
31	Tupian	17	4	100
31	Pama-Nyungan	57	12	91.67
31	Afro-Asiatic	43	9	88.89
31	Nuclear Trans New Guinea	40	8	37.5
31	Austronesian	313	63	85.71
31	Nakh-Daghestanian	20	4	100
31	Indo-European	49	10	100
31	Pano-Tacanan	11	3	100
31	Koiarian	6	2	100
31	Nuclear-Macro-Je	7	2	0
31	Quechuan	6	2	100
31	Turkic	14	3	100
31	Dravidian	13	3	100
31	Austroasiatic	54	11	100
31	Mande	7	2	100
31	Tai-Kadai	5	1	100
31	Tucanoan	10	2	100
31	Nyulnyulan	5	1	100
31	Salishan	6	2	100
31	Chibchan	16	4	75.0
31	Uto-Aztecan	29	6	100
31	Chocoan	5	1	100
31	Hmong-Mien	9	2	100
31	Uralic	19	4	100
31	Mongolic-Khitan	5	1	100
31	Cariban	11	3	100
31	Tungusic	8	2	100
31	Unclassified	168	34	0
32	Atlantic-Congo	143	29	79.31
32	Arawakan	32	7	85.71
32	Sino-Tibetan	89	18	100
32	Tupian	17	4	100
32	Pama-Nyungan	57	12	91.67
32	Afro-Asiatic	43	9	88.89
32	Nuclear Trans New Guinea	40	8	12.5
32	Austronesian	313	63	85.71
32	Nakh-Daghestanian	20	4	100
32	Indo-European	49	10	90.0
32	Pano-Tacanan	11	3	100
32	Koiarian	6	2	100
32	Nuclear-Macro-Je	7	2	50.0
32	Quechuan	6	2	100
32	Turkic	14	3	100
32	Dravidian	13	3	100
32	Austroasiatic	54	11	100
32	Mande	7	2	100
32	Tai-Kadai	5	1	100
32	Tucanoan	10	2	100
32	Nyulnyulan	5	1	100
32	Salishan	6	2	100
32	Chibchan	16	4	75.0
32	Uto-Aztecan	29	6	100
32	Chocoan	5	1	100
32	Hmong-Mien	9	2	100
32	Uralic	19	4	100
32	Mongolic-Khitan	5	1	100
32	Cariban	11	3	100
32	Tungusic	8	2	100
32	Unclassified	168	34	0
33	Atlantic-Congo	143	29	72.41
33	Arawakan	32	7	100
33	Sino-Tibetan	89	18	88.89
33	Tupian	17	4	75.0
33	Pama-Nyungan	57	12	91.67
33	Afro-Asiatic	43	9	88.89
33	Nuclear Trans New Guinea	40	8	12.5
33	Austronesian	313	63	82.54
33	Nakh-Daghestanian	20	4	75.0
33	Indo-European	49	10	100
33	Pano-Tacanan	11	3	100
33	Koiarian	6	2	100
33	Nuclear-Macro-Je	7	2	50.0
33	Quechuan	6	2	100
33	Turkic	14	3	100
33	Dravidian	13	3	100
33	Austroasiatic	54	11	100
33	Mande	7	2	100
33	Tai-Kadai	5	1	100
33	Tucanoan	10	2	100
33	Nyulnyulan	5	1	100
33	Salishan	6	2	100
33	Chibchan	16	4	100
33	Uto-Aztecan	29	6	100
33	Chocoan	5	1	100
33	Hmong-Mien	9	2	100
33	Uralic	19	4	100
33	Mongolic-Khitan	5	1	100
33	Cariban	11	3	100
33	Tungusic	8	2	100
33	Unclassified	168	34	0
34	Atlantic-Congo	143	29	65.52
34	Arawakan	32	7	100
34	Sino-Tibetan	89	18	100
34	Tupian	17	4	100
34	Pama-Nyungan	57	12	83.33
34	Afro-Asiatic	43	9	88.89
34	Nuclear Trans New Guinea	40	8	25.0
34	Austronesian	313	63	84.13
34	Nakh-Daghestanian	20	4	75.0
34	Indo-European	49	10	100
34	Pano-Tacanan	11	3	100
34	Koiarian	6	2	100
34	Nuclear-Macro-Je	7	2	0
34	Quechuan	6	2	100
34	Turkic	14	3	100
34	Dravidian	13	3	100
34	Austroasiatic	54	11	100
34	Mande	7	2	100
34	Tai-Kadai	5	1	100
34	Tucanoan	10	2	100
34	Nyulnyulan	5	1	100
34	Salishan	6	2	100
34	Chibchan	16	4	100
34	Uto-Aztecan	29	6	100
34	Chocoan	5	1	100
34	Hmong-Mien	9	2	100
34	Uralic	19	4	100
34	Mongolic-Khitan	5	1	100
34	Cariban	11	3	100
34	Tungusic	8	2	100
34	Unclassified	168	34	0
35	Atlantic-Congo	143	29	72.41
35	Arawakan	32	7	71.43
35	Sino-Tibetan	89	18	100
35	Tupian	17	4	75.0
35	Pama-Nyungan	57	12	66.67
35	Afro-Asiatic	43	9	77.78
35	Nuclear Trans New Guinea	40	8	12.5
35	Austronesian	313	63	88.89
35	Nakh-Daghestanian	20	4	100
35	Indo-European	49	10	100
35	Pano-Tacanan	11	3	100
35	Koiarian	6	2	100
35	Nuclear-Macro-Je	7	2	0
35	Quechuan	6	2	100
35	Turkic	14	3	100
35	Dravidian	13	3	100
35	Austroasiatic	54	11	90.91
35	Mande	7	2	100
35	Tai-Kadai	5	1	100
35	Tucanoan	10	2	100
35	Nyulnyulan	5	1	100
35	Salishan	6	2	100
35	Chibchan	16	4	75.0
35	Uto-Aztecan	29	6	100
35	Chocoan	5	1	100
35	Hmong-Mien	9	2	100
35	Uralic	19	4	100
35	Mongolic-Khitan	5	1	100
35	Cariban	11	3	100
35	Tungusic	8	2	100
35	Unclassified	168	34	0
36	Atlantic-Congo	143	29	79.31
36	Arawakan	32	7	100
36	Sino-Tibetan	89	18	100
36	Tupian	17	4	75.0
36	Pama-Nyungan	57	12	75.0
36	Afro-Asiatic	43	9	66.67
36	Nuclear Trans New Guinea	40	8	50.0
36	Austronesian	313	63	82.54
36	Nakh-Daghestanian	20	4	100
36	Indo-European	49	10	90.0
36	Pano-Tacanan	11	3	100
36	Koiarian	6	2	100
36	Nuclear-Macro-Je	7	2	50.0
36	Quechuan	6	2	100
36	Turkic	14	3	100
36	Dravidian	13	3	100
36	Austroasiatic	54	11	100
36	Mande	7	2	100
36	Tai-Kadai	5	1	100
36	Tucanoan	10	2	100
36	Nyulnyulan	5	1	100
36	Salishan	6	2	100
36	Chibchan	16	4	100
36	Uto-Aztecan	29	6	100
36	Chocoan	5	1	100
36	Hmong-Mien	9	2	100
36	Uralic	19	4	100
36	Mongolic-Khitan	5	1	100
36	Cariban	11	3	100
36	Tungusic	8	2	100
36	Unclassified	168	34	0
37	Atlantic-Congo	143	29	86.21
37	Arawakan	32	7	100
37	Sino-Tibetan	89	18	94.44
37	Tupian	17	4	75.0
37	Pama-Nyungan	57	12	75.0
37	Afro-Asiatic	43	9	55.56
37	Nuclear Trans New Guinea	40	8	25.0
37	Austronesian	313	63	87.3
37	Nakh-Daghestanian	20	4	100
37	Indo-European	49	10	80.0
37	Pano-Tacanan	11	3	100
37	Koiarian	6	2	100
37	Nuclear-Macro-Je	7	2	50.0
37	Quechuan	6	2	100
37	Turkic	14	3	100
37	Dravidian	13	3	100
37	Austroasiatic	54	11	90.91
37	Mande	7	2	100
37	Tai-Kadai	5	1	100
37	Tucanoan	10	2	100
37	Nyulnyulan	5	1	100
37	Salishan	6	2	100
37	Chibchan	16	4	75.0
37	Uto-Aztecan	29	6	100
37	Chocoan	5	1	100
37	Hmong-Mien	9	2	100
37	Uralic	19	4	100
37	Mongolic-Khitan	5	1	100
37	Cariban	11	3	100
37	Tungusic	8	2	100
37	Unclassified	168	34	0
38	Atlantic-Congo	143	29	75.86
38	Arawakan	32	7	71.43
38	Sino-Tibetan	89	18	100
38	Tupian	17	4	75.0
38	Pama-Nyungan	57	12	83.33
38	Afro-Asiatic	43	9	66.67
38	Nuclear Trans New Guinea	40	8	37.5
38	Austronesian	313	63	84.13
38	Nakh-Daghestanian	20	4	100
38	Indo-European	49	10	100
38	Pano-Tacanan	11	3	100
38	Koiarian	6	2	100
38	Nuclear-Macro-Je	7	2	50.0
38	Quechuan	6	2	100
38	Turkic	14	3	100
38	Dravidian	13	3	100
38	Austroasiatic	54	11	100
38	Mande	7	2	100
38	Tai-Kadai	5	1	100
38	Tucanoan	10	2	100
38	Nyulnyulan	5	1	100
38	Salishan	6	2	100
38	Chibchan	16	4	100
38	Uto-Aztecan	29	6	100
38	Chocoan	5	1	100
38	Hmong-Mien	9	2	100
38	Uralic	19	4	100
38	Mongolic-Khitan	5	1	100
38	Cariban	11	3	100
38	Tungusic	8	2	100
38	Unclassified	168	34	0
39	Atlantic-Congo	143	29	68.97
39	Arawakan	32	7	85.71
39	Sino-Tibetan	89	18	94.44
39	Tupian	17	4	50.0
39	Pama-Nyungan	57	12	91.67
39	Afro-Asiatic	43	9	88.89
39	Nuclear Trans New Guinea	40	8	12.5
39	Austronesian	313	63	80.95
39	Nakh-Daghestanian	20	4	100
39	Indo-European	49	10	100
39	Pano-Tacanan	11	3	100
39	Koiarian	6	2	100
39	Nuclear-Macro-Je	7	2	50.0
39	Quechuan	6	2	100
39	Turkic	14	3	100
39	Dravidian	13	3	100
39	Austroasiatic	54	11	90.91
39	Mande	7	2	100
39	Tai-Kadai	5	1	100
39	Tucanoan	10	2	100
39	Nyulnyulan	5	1	100
39	Salishan	6	2	100
39	Chibchan	16	4	100
39	Uto-Aztecan	29	6	100
39	Chocoan	5	1	100
39	Hmong-Mien	9	2	100
39	Uralic	19	4	100
39	Mongolic-Khitan	5	1	100
39	Cariban	11	3	100
39	Tungusic	8	2	100
39	Unclassified	168	34	0
40	Atlantic-Congo	143	29	79.31
40	Arawakan	32	7	85.71
40	Sino-Tibetan	89	18	100
40	Tupian	17	4	75.0
40	Pama-Nyungan	57	12	91.67
40	Afro-Asiatic	43	9	77.78
40	Nuclear Trans New Guinea	40	8	37.5
40	Austronesian	313	63	90.48
40	Nakh-Daghestanian	20	4	100
40	Indo-European	49	10	100
40	Pano-Tacanan	11	3	100
40	Koiarian	6	2	100
40	Nuclear-Macro-Je	7	2	0
40	Quechuan	6	2	100
40	Turkic	14	3	100
40	Dravidian	13	3	100
40	Austroasiatic	54	11	100
40	Mande	7	2	100
40	Tai-Kadai	5	1	100
40	Tucanoan	10	2	100
40	Nyulnyulan	5	1	100
40	Salishan	6	2	100
40	Chibchan	16	4	100
40	Uto-Aztecan	29	6	100
40	Chocoan	5	1	100
40	Hmong-Mien	9	2	100
40	Uralic	19	4	100
40	Mongolic-Khitan	5	1	100
40	Cariban	11	3	100
40	Tungusic	8	2	100
40	Unclassified	168	34	0
41	Atlantic-Congo	143	29	72.41
41	Arawakan	32	7	100
41	Sino-Tibetan	89	18	100
41	Tupian	17	4	100
41	Pama-Nyungan	57	12	75.0
41	Afro-Asiatic	43	9	88.89
41	Nuclear Trans New Guinea	40	8	25.0
41	Austronesian	313	63	90.48
41	Nakh-Daghestanian	20	4	100
41	Indo-European	49	10	100
41	Pano-Tacanan	11	3	100
41	Koiarian	6	2	100
41	Nuclear-Macro-Je	7	2	0
41	Quechuan	6	2	100
41	Turkic	14	3	100
41	Dravidian	13	3	100
41	Austroasiatic	54	11	100
41	Mande	7	2	100
41	Tai-Kadai	5	1	100
41	Tucanoan	10	2	100
41	Nyulnyulan	5	1	100
41	Salishan	6	2	100
41	Chibchan	16	4	75.0
41	Uto-Aztecan	29	6	100
41	Chocoan	5	1	100
41	Hmong-Mien	9	2	100
41	Uralic	19	4	100
41	Mongolic-Khitan	5	1	100
41	Cariban	11	3	100
41	Tungusic	8	2	100
41	Unclassified	168	34	0
42	Atlantic-Congo	143	29	75.86
42	Arawakan	32	7	85.71
42	Sino-Tibetan	89	18	100
42	Tupian	17	4	75.0
42	Pama-Nyungan	57	12	91.67
42	Afro-Asiatic	43	9	77.78
42	Nuclear Trans New Guinea	40	8	25.0
42	Austronesian	313	63	84.13
42	Nakh-Daghestanian	20	4	100
42	Indo-European	49	10	100
42	Pano-Tacanan	11	3	100
42	Koiarian	6	2	100
42	Nuclear-Macro-Je	7	2	0
42	Quechuan	6	2	100
42	Turkic	14	3	100
42	Dravidian	13	3	100
42	Austroasiatic	54	11	100
42	Mande	7	2	100
42	Tai-Kadai	5	1	100
42	Tucanoan	10	2	50.0
42	Nyulnyulan	5	1	100
42	Salishan	6	2	100
42	Chibchan	16	4	75.0
42	Uto-Aztecan	29	6	100
42	Chocoan	5	1	100
42	Hmong-Mien	9	2	100
42	Uralic	19	4	100
42	Mongolic-Khitan	5	1	100
42	Cariban	11	3	100
42	Tungusic	8	2	100
42	Unclassified	168	34	0
43	Atlantic-Congo	143	29	79.31
43	Arawakan	32	7	100
43	Sino-Tibetan	89	18	94.44
43	Tupian	17	4	100
43	Pama-Nyungan	57	12	83.33
43	Afro-Asiatic	43	9	66.67
43	Nuclear Trans New Guinea	40	8	37.5
43	Austronesian	313	63	85.71
43	Nakh-Daghestanian	20	4	100
43	Indo-European	49	10	100
43	Pano-Tacanan	11	3	66.67
43	Koiarian	6	2	100
43	Nuclear-Macro-Je	7	2	0
43	Quechuan	6	2	100
43	Turkic	14	3	100
43	Dravidian	13	3	100
43	Austroasiatic	54	11	100
43	Mande	7	2	100
43	Tai-Kadai	5	1	100
43	Tucanoan	10	2	100
43	Nyulnyulan	5	1	100
43	Salishan	6	2	100
43	Chibchan	16	4	75.0
43	Uto-Aztecan	29	6	100
43	Chocoan	5	1	100
43	Hmong-Mien	9	2	100
43	Uralic	19	4	100
43	Mongolic-Khitan	5	1	100
43	Cariban	11	3	100
43	Tungusic	8	2	100
43	Unclassified	168	34	0
44	Atlantic-Congo	143	29	79.31
44	Arawakan	32	7	71.43
44	Sino-Tibetan	89	18	100
44	Tupian	17	4	100
44	Pama-Nyungan	57	12	83.33
44	Afro-Asiatic	43	9	77.78
44	Nuclear Trans New Guinea	40	8	0
44	Austronesian	313	63	80.95
44	Nakh-Daghestanian	20	4	100
44	Indo-European	49	10	100
44	Pano-Tacanan	11	3	100
44	Koiarian	6	2	100
44	Nuclear-Macro-Je	7	2	50.0
44	Quechuan	6	2	100
44	Turkic	14	3	100
44	Dravidian	13	3	100
44	Austroasiatic	54	11	90.91
44	Mande	7	2	100
44	Tai-Kadai	5	1	100
44	Tucanoan	10	2	100
44	Nyulnyulan	5	1	100
44	Salishan	6	2	100
44	Chibchan	16	4	75.0
44	Uto-Aztecan	29	6	100
44	Chocoan	5	1	100
44	Hmong-Mien	9	2	100
44	Uralic	19	4	100
44	Mongolic-Khitan	5	1	100
44	Cariban	11	3	100
44	Tungusic	8	2	100
44	Unclassified	168	34	0
45	Atlantic-Congo	143	29	75.86
45	Arawakan	32	7	57.14
45	Sino-Tibetan	89	18	88.89
45	Tupian	17	4	50.0
45	Pama-Nyungan	57	12	83.33
45	Afro-Asiatic	43	9	88.89
45	Nuclear Trans New Guinea	40	8	12.5
45	Austronesian	313	63	79.37
45	Nakh-Daghestanian	20	4	100
45	Indo-European	49	10	90.0
45	Pano-Tacanan	11	3	100
45	Koiarian	6	2	100
45	Nuclear-Macro-Je	7	2	50.0
45	Quechuan	6	2	100
45	Turkic	14	3	100
45	Dravidian	13	3	100
45	Austroasiatic	54	11	90.91
45	Mande	7	2	100
45	Tai-Kadai	5	1	100
45	Tucanoan	10	2	100
45	Nyulnyulan	5	1	100
45	Salishan	6	2	100
45	Chibchan	16	4	75.0
45	Uto-Aztecan	29	6	100
45	Chocoan	5	1	100
45	Hmong-Mien	9	2	100
45	Uralic	19	4	100
45	Mongolic-Khitan	5	1	100
45	Cariban	11	3	100
45	Tungusic	8	2	100
45	Unclassified	168	34	0
46	Atlantic-Congo	143	29	82.76
46	Arawakan	32	7	85.71
46	Sino-Tibetan	89	18	100
46	Tupian	17	4	100
46	Pama-Nyungan	57	12	66.67
46	Afro-Asiatic	43	9	77.78
46	Nuclear Trans New Guinea	40	8	50.0
46	Austronesian	313	63	84.13
46	Nakh-Daghestanian	20	4	100
46	Indo-European	49	10	100
46	Pano-Tacanan	11	3	100
46	Koiarian	6	2	100
46	Nuclear-Macro-Je	7	2	0
46	Quechuan	6	2	100
46	Turkic	14	3	100
46	Dravidian	13	3	100
46	Austroasiatic	54	11	100
46	Mande	7	2	100
46	Tai-Kadai	5	1	100
46	Tucanoan	10	2	100
46	Nyulnyulan	5	1	100
46	Salishan	6	2	100
46	Chibchan	16	4	100
46	Uto-Aztecan	29	6	100
46	Chocoan	5	1	100
46	Hmong-Mien	9	2	100
46	Uralic	19	4	100
46	Mongolic-Khitan	5	1	100
46	Cariban	11	3	100
46	Tungusic	8	2	100
46	Unclassified	168	34	0
47	Atlantic-Congo	143	29	68.97
47	Arawakan	32	7	100
47	Sino-Tibetan	89	18	94.44
47	Tupian	17	4	100
47	Pama-Nyungan	57	12	83.33
47	Afro-Asiatic	43	9	88.89
47	Nuclear Trans New Guinea	40	8	12.5
47	Austronesian	313	63	87.3
47	Nakh-Daghestanian	20	4	100
47	Indo-European	49	10	90.0
47	Pano-Tacanan	11	3	66.67
47	Koiarian	6	2	100
47	Nuclear-Macro-Je	7	2	0
47	Quechuan	6	2	100
47	Turkic	14	3	100
47	Dravidian	13	3	100
47	Austroasiatic	54	11	90.91
47	Mande	7	2	100
47	Tai-Kadai	5	1	100
47	Tucanoan	10	2	100
47	Nyulnyulan	5	1	100
47	Salishan	6	2	100
47	Chibchan	16	4	75.0
47	Uto-Aztecan	29	6	100
47	Chocoan	5	1	100
47	Hmong-Mien	9	2	100
47	Uralic	19	4	100
47	Mongolic-Khitan	5	1	100
47	Cariban	11	3	100
47	Tungusic	8	2	100
47	Unclassified	168	34	0
48	Atlantic-Congo	143	29	79.31
48	Arawakan	32	7	100
48	Sino-Tibetan	89	18	94.44
48	Tupian	17	4	75.0
48	Pama-Nyungan	57	12	83.33
48	Afro-Asiatic	43	9	88.89
48	Nuclear Trans New Guinea	40	8	12.5
48	Austronesian	313	63	84.13
48	Nakh-Daghestanian	20	4	100
48	Indo-European	49	10	100
48	Pano-Tacanan	11	3	66.67
48	Koiarian	6	2	100
48	Nuclear-Macro-Je	7	2	0
48	Quechuan	6	2	100
48	Turkic	14	3	100
48	Dravidian	13	3	100
48	Austroasiatic	54	11	100
48	Mande	7	2	100
48	Tai-Kadai	5	1	100
48	Tucanoan	10	2	100
48	Nyulnyulan	5	1	100
48	Salishan	6	2	100
48	Chibchan	16	4	100
48	Uto-Aztecan	29	6	100
48	Chocoan	5	1	100
48	Hmong-Mien	9	2	100
48	Uralic	19	4	100
48	Mongolic-Khitan	5	1	100
48	Cariban	11	3	100
48	Tungusic	8	2	100
48	Unclassified	168	34	0
49	Atlantic-Congo	143	29	68.97
49	Arawakan	32	7	100
49	Sino-Tibetan	89	18	100
49	Tupian	17	4	100
49	Pama-Nyungan	57	12	75.0
49	Afro-Asiatic	43	9	100
49	Nuclear Trans New Guinea	40	8	12.5
49	Austronesian	313	63	84.13
49	Nakh-Daghestanian	20	4	100
49	Indo-European	49	10	90.0
49	Pano-Tacanan	11	3	100
49	Koiarian	6	2	100
49	Nuclear-Macro-Je	7	2	50.0
49	Quechuan	6	2	100
49	Turkic	14	3	100
49	Dravidian	13	3	100
49	Austroasiatic	54	11	90.91
49	Mande	7	2	100
49	Tai-Kadai	5	1	100
49	Tucanoan	10	2	100
49	Nyulnyulan	5	1	100
49	Salishan	6	2	100
49	Chibchan	16	4	100
49	Uto-Aztecan	29	6	100
49	Chocoan	5	1	100
49	Hmong-Mien	9	2	100
49	Uralic	19	4	100
49	Mongolic-Khitan	5	1	100
49	Cariban	11	3	100
49	Tungusic	8	2	100
49	Unclassified	168	34	0
50	Atlantic-Congo	143	29	65.52
50	Arawakan	32	7	100
50	Sino-Tibetan	89	18	88.89
50	Tupian	17	4	75.0
50	Pama-Nyungan	57	12	83.33
50	Afro-Asiatic	43	9	77.78
50	Nuclear Trans New Guinea	40	8	37.5
50	Austronesian	313	63	87.3
50	Nakh-Daghestanian	20	4	100
50	Indo-European	49	10	90.0
50	Pano-Tacanan	11	3	100
50	Koiarian	6	2	100
50	Nuclear-Macro-Je	7	2	50.0
50	Quechuan	6	2	100
50	Turkic	14	3	100
50	Dravidian	13	3	100
50	Austroasiatic	54	11	81.82
50	Mande	7	2	100
50	Tai-Kadai	5	1	100
50	Tucanoan	10	2	100
50	Nyulnyulan	5	1	100
50	Salishan	6	2	100
50	Chibchan	16	4	100
50	Uto-Aztecan	29	6	100
50	Chocoan	5	1	100
50	Hmong-Mien	9	2	100
50	Uralic	19	4	100
50	Mongolic-Khitan	5	1	100
50	Cariban	11	3	100
50	Tungusic	8	2	100
50	Unclassified	168	34	0
51	Atlantic-Congo	143	29	68.97
51	Arawakan	32	7	85.71
51	Sino-Tibetan	89	18	94.44
51	Tupian	17	4	75.0
51	Pama-Nyungan	57	12	75.0
51	Afro-Asiatic	43	9	77.78
51	Nuclear Trans New Guinea	40	8	37.5
51	Austronesian	313	63	88.89
51	Nakh-Daghestanian	20	4	100
51	Indo-European	49	10	100
51	Pano-Tacanan	11	3	100
51	Koiarian	6	2	100
51	Nuclear-Macro-Je	7	2	50.0
51	Quechuan	6	2	100
51	Turkic	14	3	100
51	Dravidian	13	3	100
51	Austroasiatic	54	11	100
51	Mande	7	2	100
51	Tai-Kadai	5	1	100
51	Tucanoan	10	2	100
51	Nyulnyulan	5	1	100
51	Salishan	6	2	100
51	Chibchan	16	4	75.0
51	Uto-Aztecan	29	6	100
51	Chocoan	5	1	100
51	Hmong-Mien	9	2	100
51	Uralic	19	4	100
51	Mongolic-Khitan	5	1	100
51	Cariban	11	3	100
51	Tungusic	8	2	100
51	Unclassified	168	34	0
52	Atlantic-Congo	143	29	86.21
52	Arawakan	32	7	100
52	Sino-Tibetan	89	18	100
52	Tupian	17	4	100
52	Pama-Nyungan	57	12	83.33
52	Afro-Asiatic	43	9	88.89
52	Nuclear Trans New Guinea	40	8	25.0
52	Austronesian	313	63	84.13
52	Nakh-Daghestanian	20	4	100
52	Indo-European	49	10	100
52	Pano-Tacanan	11	3	100
52	Koiarian	6	2	100
52	Nuclear-Macro-Je	7	2	0
52	Quechuan	6	2	100
52	Turkic	14	3	100
52	Dravidian	13	3	100
52	Austroasiatic	54	11	90.91
52	Mande	7	2	100
52	Tai-Kadai	5	1	100
52	Tucanoan	10	2	50.0
52	Nyulnyulan	5	1	100
52	Salishan	6	2	100
52	Chibchan	16	4	75.0
52	Uto-Aztecan	29	6	100
52	Chocoan	5	1	100
52	Hmong-Mien	9	2	100
52	Uralic	19	4	100
52	Mongolic-Khitan	5	1	100
52	Cariban	11	3	100
52	Tungusic	8	2	100
52	Unclassified	168	34	0
53	Atlantic-Congo	143	29	68.97
53	Arawakan	32	7	100
53	Sino-Tibetan	89	18	100
53	Tupian	17	4	100
53	Pama-Nyungan	57	12	66.67
53	Afro-Asiatic	43	9	100
53	Nuclear Trans New Guinea	40	8	37.5
53	Austronesian	313	63	90.48
53	Nakh-Daghestanian	20	4	100
53	Indo-European	49	10	100
53	Pano-Tacanan	11	3	100
53	Koiarian	6	2	100
53	Nuclear-Macro-Je	7	2	0
53	Quechuan	6	2	100
53	Turkic	14	3	100
53	Dravidian	13	3	100
53	Austroasiatic	54	11	90.91
53	Mande	7	2	100
53	Tai-Kadai	5	1	100
53	Tucanoan	10	2	100
53	Nyulnyulan	5	1	100
53	Salishan	6	2	100
53	Chibchan	16	4	100
53	Uto-Aztecan	29	6	100
53	Chocoan	5	1	100
53	Hmong-Mien	9	2	100
53	Uralic	19	4	100
53	Mongolic-Khitan	5	1	100
53	Cariban	11	3	100
53	Tungusic	8	2	100
53	Unclassified	168	34	0
54	Atlantic-Congo	143	29	58.62
54	Arawakan	32	7	71.43
54	Sino-Tibetan	89	18	94.44
54	Tupian	17	4	100
54	Pama-Nyungan	57	12	100
54	Afro-Asiatic	43	9	77.78
54	Nuclear Trans New Guinea	40	8	25.0
54	Austronesian	313	63	77.78
54	Nakh-Daghestanian	20	4	100
54	Indo-European	49	10	100
54	Pano-Tacanan	11	3	66.67
54	Koiarian	6	2	100
54	Nuclear-Macro-Je	7	2	0
54	Quechuan	6	2	100
54	Turkic	14	3	100
54	Dravidian	13	3	100
54	Austroasiatic	54	11	100
54	Mande	7	2	100
54	Tai-Kadai	5	1	100
54	Tucanoan	10	2	100
54	Nyulnyulan	5	1	100
54	Salishan	6	2	100
54	Chibchan	16	4	100
54	Uto-Aztecan	29	6	100
54	Chocoan	5	1	100
54	Hmong-Mien	9	2	100
54	Uralic	19	4	100
54	Mongolic-Khitan	5	1	100
54	Cariban	11	3	100
54	Tungusic	8	2	100
54	Unclassified	168	34	0
55	Atlantic-Congo	143	29	68.97
55	Arawakan	32	7	85.71
55	Sino-Tibetan	89	18	100
55	Tupian	17	4	100
55	Pama-Nyungan	57	12	91.67
55	Afro-Asiatic	43	9	77.78
55	Nuclear Trans New Guinea	40	8	62.5
55	Austronesian	313	63	85.71
55	Nakh-Daghestanian	20	4	100
55	Indo-European	49	10	100
55	Pano-Tacanan	11	3	100
55	Koiarian	6	2	100
55	Nuclear-Macro-Je	7	2	0
55	Quechuan	6	2	100
55	Turkic	14	3	100
55	Dravidian	13	3	100
55	Austroasiatic	54	11	90.91
55	Mande	7	2	100
55	Tai-Kadai	5	1	100
55	Tucanoan	10	2	100
55	Nyulnyulan	5	1	100
55	Salishan	6	2	100
55	Chibchan	16	4	100
55	Uto-Aztecan	29	6	100
55	Chocoan	5	1	100
55	Hmong-Mien	9	2	100
55	Uralic	19	4	100
55	Mongolic-Khitan	5	1	100
55	Cariban	11	3	100
55	Tungusic	8	2	100
55	Unclassified	168	34	0
56	Atlantic-Congo	143	29	55.17
56	Arawakan	32	7	85.71
56	Sino-Tibetan	89	18	100
56	Tupian	17	4	100
56	Pama-Nyungan	57	12	66.67
56	Afro-Asiatic	43	9	100
56	Nuclear Trans New Guinea	40	8	37.5
56	Austronesian	313	63	84.13
56	Nakh-Daghestanian	20	4	100
56	Indo-European	49	10	100
56	Pano-Tacanan	11	3	100
56	Koiarian	6	2	100
56	Nuclear-Macro-Je	7	2	50.0
56	Quechuan	6	2	100
56	Turkic	14	3	100
56	Dravidian	13	3	100
56	Austroasiatic	54	11	90.91
56	Mande	7	2	100
56	Tai-Kadai	5	1	100
56	Tucanoan	10	2	100
56	Nyulnyulan	5	1	100
56	Salishan	6	2	100
56	Chibchan	16	4	75.0
56	Uto-Aztecan	29	6	100
56	Chocoan	5	1	100
56	Hmong-Mien	9	2	100
56	Uralic	19	4	100
56	Mongolic-Khitan	5	1	100
56	Cariban	11	3	100
56	Tungusic	8	2	100
56	Unclassified	168	34	0
57	Atlantic-Congo	143	29	75.86
57	Arawakan	32	7	85.71
57	Sino-Tibetan	89	18	94.44
57	Tupian	17	4	100
57	Pama-Nyungan	57	12	66.67
57	Afro-Asiatic	43	9	66.67
57	Nuclear Trans New Guinea	40	8	12.5
57	Austronesian	313	63	88.89
57	Nakh-Daghestanian	20	4	100
57	Indo-European	49	10	100
57	Pano-Tacanan	11	3	100
57	Koiarian	6	2	100
57	Nuclear-Macro-Je	7	2	50.0
57	Quechuan	6	2	100
57	Turkic	14	3	100
57	Dravidian	13	3	100
57	Austroasiatic	54	11	90.91
57	Mande	7	2	100
57	Tai-Kadai	5	1	100
57	Tucanoan	10	2	100
57	Nyulnyulan	5	1	100
57	Salishan	6	2	100
57	Chibchan	16	4	100
57	Uto-Aztecan	29	6	100
57	Chocoan	5	1	100
57	Hmong-Mien	9	2	100
57	Uralic	19	4	100
57	Mongolic-Khitan	5	1	100
57	Cariban	11	3	100
57	Tungusic	8	2	100
57	Unclassified	168	34	0
58	Atlantic-Congo	143	29	68.97
58	Arawakan	32	7	100
58	Sino-Tibetan	89	18	94.44
58	Tupian	17	4	100
58	Pama-Nyungan	57	12	75.0
58	Afro-Asiatic	43	9	88.89
58	Nuclear Trans New Guinea	40	8	25.0
58	Austronesian	313	63	85.71
58	Nakh-Daghestanian	20	4	100
58	Indo-European	49	10	100
58	Pano-Tacanan	11	3	100
58	Koiarian	6	2	100
58	Nuclear-Macro-Je	7	2	50.0
58	Quechuan	6	2	100
58	Turkic	14	3	100
58	Dravidian	13	3	100
58	Austroasiatic	54	11	81.82
58	Mande	7	2	100
58	Tai-Kadai	5	1	100
58	Tucanoan	10	2	100
58	Nyulnyulan	5	1	100
58	Salishan	6	2	100
58	Chibchan	16	4	75.0
58	Uto-Aztecan	29	6	100
58	Chocoan	5	1	100
58	Hmong-Mien	9	2	100
58	Uralic	19	4	100
58	Mongolic-Khitan	5	1	100
58	Cariban	11	3	100
58	Tungusic	8	2	100
58	Unclassified	168	34	0
59	Atlantic-Congo	143	29	82.76
59	Arawakan	32	7	100
59	Sino-Tibetan	89	18	100
59	Tupian	17	4	100
59	Pama-Nyungan	57	12	91.67
59	Afro-Asiatic	43	9	77.78
59	Nuclear Trans New Guinea	40	8	25.0
59	Austronesian	313	63	84.13
59	Nakh-Daghestanian	20	4	100
59	Indo-European	49	10	100
59	Pano-Tacanan	11	3	66.67
59	Koiarian	6	2	100
59	Nuclear-Macro-Je	7	2	0
59	Quechuan	6	2	100
59	Turkic	14	3	100
59	Dravidian	13	3	100
59	Austroasiatic	54	11	100
59	Mande	7	2	100
59	Tai-Kadai	5	1	100
59	Tucanoan	10	2	100
59	Nyulnyulan	5	1	100
59	Salishan	6	2	100
59	Chibchan	16	4	100
59	Uto-Aztecan	29	6	100
59	Chocoan	5	1	100
59	Hmong-Mien	9	2	100
59	Uralic	19	4	100
59	Mongolic-Khitan	5	1	100
59	Cariban	11	3	100
59	Tungusic	8	2	100
59	Unclassified	168	34	0
60	Atlantic-Congo	143	29	82.76
60	Arawakan	32	7	100
60	Sino-Tibetan	89	18	88.89
60	Tupian	17	4	75.0
60	Pama-Nyungan	57	12	91.67
60	Afro-Asiatic	43	9	77.78
60	Nuclear Trans New Guinea	40	8	25.0
60	Austronesian	313	63	85.71
60	Nakh-Daghestanian	20	4	100
60	Indo-European	49	10	100
60	Pano-Tacanan	11	3	66.67
60	Koiarian	6	2	100
60	Nuclear-Macro-Je	7	2	50.0
60	Quechuan	6	2	100
60	Turkic	14	3	100
60	Dravidian	13	3	100
60	Austroasiatic	54	11	100
60	Mande	7	2	100
60	Tai-Kadai	5	1	100
60	Tucanoan	10	2	100
60	Nyulnyulan	5	1	100
60	Salishan	6	2	100
60	Chibchan	16	4	75.0
60	Uto-Aztecan	29	6	100
60	Chocoan	5	1	100
60	Hmong-Mien	9	2	100
60	Uralic	19	4	100
60	Mongolic-Khitan	5	1	100
60	Cariban	11	3	100
60	Tungusic	8	2	100
60	Unclassified	168	34	0
61	Atlantic-Congo	143	29	62.07
61	Arawakan	32	7	85.71
61	Sino-Tibetan	89	18	100
61	Tupian	17	4	100
61	Pama-Nyungan	57	12	75.0
61	Afro-Asiatic	43	9	88.89
61	Nuclear Trans New Guinea	40	8	25.0
61	Austronesian	313	63	77.78
61	Nakh-Daghestanian	20	4	100
61	Indo-European	49	10	100
61	Pano-Tacanan	11	3	100
61	Koiarian	6	2	100
61	Nuclear-Macro-Je	7	2	0
61	Quechuan	6	2	100
61	Turkic	14	3	100
61	Dravidian	13	3	100
61	Austroasiatic	54	11	90.91
61	Mande	7	2	100
61	Tai-Kadai	5	1	100
61	Tucanoan	10	2	100
61	Nyulnyulan	5	1	100
61	Salishan	6	2	100
61	Chibchan	16	4	100
61	Uto-Aztecan	29	6	100
61	Chocoan	5	1	100
61	Hmong-Mien	9	2	100
61	Uralic	19	4	100
61	Mongolic-Khitan	5	1	100
61	Cariban	11	3	100
61	Tungusic	8	2	100
61	Unclassified	168	34	0
62	Atlantic-Congo	143	29	65.52
62	Arawakan	32	7	100
62	Sino-Tibetan	89	18	94.44
62	Tupian	17	4	100
62	Pama-Nyungan	57	12	91.67
62	Afro-Asiatic	43	9	88.89
62	Nuclear Trans New Guinea	40	8	50.0
62	Austronesian	313	63	84.13
62	Nakh-Daghestanian	20	4	100
62	Indo-European	49	10	100
62	Pano-Tacanan	11	3	100
62	Koiarian	6	2	100
62	Nuclear-Macro-Je	7	2	0
62	Quechuan	6	2	100
62	Turkic	14	3	100
62	Dravidian	13	3	100
62	Austroasiatic	54	11	90.91
62	Mande	7	2	100
62	Tai-Kadai	5	1	100
62	Tucanoan	10	2	100
62	Nyulnyulan	5	1	100
62	Salishan	6	2	100
62	Chibchan	16	4	100
62	Uto-Aztecan	29	6	100
62	Chocoan	5	1	100
62	Hmong-Mien	9	2	100
62	Uralic	19	4	100
62	Mongolic-Khitan	5	1	100
62	Cariban	11	3	100
62	Tungusic	8	2	100
62	Unclassified	168	34	0
63	Atlantic-Congo	143	29	75.86
63	Arawakan	32	7	85.71
63	Sino-Tibetan	89	18	100
63	Tupian	17	4	100
63	Pama-Nyungan	57	12	83.33
63	Afro-Asiatic	43	9	66.67
63	Nuclear Trans New Guinea	40	8	37.5
63	Austronesian	313	63	82.54
63	Nakh-Daghestanian	20	4	100
63	Indo-European	49	10	100
63	Pano-Tacanan	11	3	100
63	Koiarian	6	2	100
63	Nuclear-Macro-Je	7	2	0
63	Quechuan	6	2	100
63	Turkic	14	3	100
63	Dravidian	13	3	100
63	Austroasiatic	54	11	90.91
63	Mande	7	2	100
63	Tai-Kadai	5	1	100
63	Tucanoan	10	2	100
63	Nyulnyulan	5	1	100
63	Salishan	6	2	100
63	Chibchan	16	4	100
63	Uto-Aztecan	29	6	100
63	Chocoan	5	1	100
63	Hmong-Mien	9	2	100
63	Uralic	19	4	100
63	Mongolic-Khitan	5	1	100
63	Cariban	11	3	100
63	Tungusic	8	2	100
63	Unclassified	168	34	0
64	Atlantic-Congo	143	29	75.86
64	Arawakan	32	7	71.43
64	Sino-Tibetan	89	18	88.89
64	Tupian	17	4	100
64	Pama-Nyungan	57	12	75.0
64	Afro-Asiatic	43	9	77.78
64	Nuclear Trans New Guinea	40	8	25.0
64	Austronesian	313	63	90.48
64	Nakh-Daghestanian	20	4	100
64	Indo-European	49	10	90.0
64	Pano-Tacanan	11	3	100
64	Koiarian	6	2	100
64	Nuclear-Macro-Je	7	2	0
64	Quechuan	6	2	100
64	Turkic	14	3	100
64	Dravidian	13	3	100
64	Austroasiatic	54	11	100
64	Mande	7	2	100
64	Tai-Kadai	5	1	100
64	Tucanoan	10	2	100
64	Nyulnyulan	5	1	100
64	Salishan	6	2	100
64	Chibchan	16	4	100
64	Uto-Aztecan	29	6	100
64	Chocoan	5	1	100
64	Hmong-Mien	9	2	100
64	Uralic	19	4	100
64	Mongolic-Khitan	5	1	100
64	Cariban	11	3	100
64	Tungusic	8	2	100
64	Unclassified	168	34	0
65	Atlantic-Congo	143	29	79.31
65	Arawakan	32	7	85.71
65	Sino-Tibetan	89	18	100
65	Tupian	17	4	100
65	Pama-Nyungan	57	12	66.67
65	Afro-Asiatic	43	9	100
65	Nuclear Trans New Guinea	40	8	37.5
65	Austronesian	313	63	84.13
65	Nakh-Daghestanian	20	4	100
65	Indo-European	49	10	90.0
65	Pano-Tacanan	11	3	100
65	Koiarian	6	2	100
65	Nuclear-Macro-Je	7	2	50.0
65	Quechuan	6	2	100
65	Turkic	14	3	100
65	Dravidian	13	3	100
65	Austroasiatic	54	11	100
65	Mande	7	2	100
65	Tai-Kadai	5	1	100
65	Tucanoan	10	2	100
65	Nyulnyulan	5	1	100
65	Salishan	6	2	100
65	Chibchan	16	4	75.0
65	Uto-Aztecan	29	6	100
65	Chocoan	5	1	100
65	Hmong-Mien	9	2	100
65	Uralic	19	4	100
65	Mongolic-Khitan	5	1	100
65	Cariban	11	3	100
65	Tungusic	8	2	100
65	Unclassified	168	34	0
66	Atlantic-Congo	143	29	82.76
66	Arawakan	32	7	85.71
66	Sino-Tibetan	89	18	100
66	Tupian	17	4	75.0
66	Pama-Nyungan	57	12	91.67
66	Afro-Asiatic	43	9	100
66	Nuclear Trans New Guinea	40	8	37.5
66	Austronesian	313	63	82.54
66	Nakh-Daghestanian	20	4	100
66	Indo-European	49	10	100
66	Pano-Tacanan	11	3	100
66	Koiarian	6	2	100
66	Nuclear-Macro-Je	7	2	0
66	Quechuan	6	2	100
66	Turkic	14	3	100
66	Dravidian	13	3	100
66	Austroasiatic	54	11	90.91
66	Mande	7	2	100
66	Tai-Kadai	5	1	100
66	Tucanoan	10	2	100
66	Nyulnyulan	5	1	100
66	Salishan	6	2	100
66	Chibchan	16	4	100
66	Uto-Aztecan	29	6	100
66	Chocoan	5	1	100
66	Hmong-Mien	9	2	100
66	Uralic	19	4	100
66	Mongolic-Khitan	5	1	100
66	Cariban	11	3	100
66	Tungusic	8	2	100
66	Unclassified	168	34	0
67	Atlantic-Congo	143	29	72.41
67	Arawakan	32	7	100
67	Sino-Tibetan	89	18	100
67	Tupian	17	4	75.0
67	Pama-Nyungan	57	12	91.67
67	Afro-Asiatic	43	9	88.89
67	Nuclear Trans New Guinea	40	8	25.0
67	Austronesian	313	63	82.54
67	Nakh-Daghestanian	20	4	100
67	Indo-European	49	10	100
67	Pano-Tacanan	11	3	100
67	Koiarian	6	2	100
67	Nuclear-Macro-Je	7	2	0
67	Quechuan	6	2	100
67	Turkic	14	3	100
67	Dravidian	13	3	100
67	Austroasiatic	54	11	81.82
67	Mande	7	2	100
67	Tai-Kadai	5	1	100
67	Tucanoan	10	2	100
67	Nyulnyulan	5	1	100
67	Salishan	6	2	100
67	Chibchan	16	4	75.0
67	Uto-Aztecan	29	6	100
67	Chocoan	5	1	100
67	Hmong-Mien	9	2	100
67	Uralic	19	4	100
67	Mongolic-Khitan	5	1	100
67	Cariban	11	3	100
67	Tungusic	8	2	100
67	Unclassified	168	34	0
68	Atlantic-Congo	143	29	65.52
68	Arawakan	32	7	85.71
68	Sino-Tibetan	89	18	94.44
68	Tupian	17	4	75.0
68	Pama-Nyungan	57	12	83.33
68	Afro-Asiatic	43	9	77.78
68	Nuclear Trans New Guinea	40	8	25.0
68	Austronesian	313	63	85.71
68	Nakh-Daghestanian	20	4	100
68	Indo-European	49	10	100
68	Pano-Tacanan	11	3	100
68	Koiarian	6	2	100
68	Nuclear-Macro-Je	7	2	50.0
68	Quechuan	6	2	100
68	Turkic	14	3	100
68	Dravidian	13	3	100
68	Austroasiatic	54	11	100
68	Mande	7	2	100
68	Tai-Kadai	5	1	100
68	Tucanoan	10	2	100
68	Nyulnyulan	5	1	100
68	Salishan	6	2	100
68	Chibchan	16	4	100
68	Uto-Aztecan	29	6	100
68	Chocoan	5	1	100
68	Hmong-Mien	9	2	100
68	Uralic	19	4	75.0
68	Mongolic-Khitan	5	1	100
68	Cariban	11	3	100
68	Tungusic	8	2	100
68	Unclassified	168	34	0
69	Atlantic-Congo	143	29	68.97
69	Arawakan	32	7	85.71
69	Sino-Tibetan	89	18	100
69	Tupian	17	4	100
69	Pama-Nyungan	57	12	83.33
69	Afro-Asiatic	43	9	88.89
69	Nuclear Trans New Guinea	40	8	12.5
69	Austronesian	313	63	82.54
69	Nakh-Daghestanian	20	4	100
69	Indo-European	49	10	100
69	Pano-Tacanan	11	3	100
69	Koiarian	6	2	100
69	Nuclear-Macro-Je	7	2	50.0
69	Quechuan	6	2	100
69	Turkic	14	3	100
69	Dravidian	13	3	100
69	Austroasiatic	54	11	90.91
69	Mande	7	2	100
69	Tai-Kadai	5	1	100
69	Tucanoan	10	2	100
69	Nyulnyulan	5	1	100
69	Salishan	6	2	100
69	Chibchan	16	4	75.0
69	Uto-Aztecan	29	6	100
69	Chocoan	5	1	100
69	Hmong-Mien	9	2	100
69	Uralic	19	4	100
69	Mongolic-Khitan	5	1	100
69	Cariban	11	3	100
69	Tungusic	8	2	100
69	Unclassified	168	34	0
70	Atlantic-Congo	143	29	72.41
70	Arawakan	32	7	100
70	Sino-Tibetan	89	18	100
70	Tupian	17	4	100
70	Pama-Nyungan	57	12	83.33
70	Afro-Asiatic	43	9	66.67
70	Nuclear Trans New Guinea	40	8	37.5
70	Austronesian	313	63	84.13
70	Nakh-Daghestanian	20	4	100
70	Indo-European	49	10	90.0
70	Pano-Tacanan	11	3	100
70	Koiarian	6	2	100
70	Nuclear-Macro-Je	7	2	0
70	Quechuan	6	2	100
70	Turkic	14	3	100
70	Dravidian	13	3	100
70	Austroasiatic	54	11	100
70	Mande	7	2	100
70	Tai-Kadai	5	1	100
70	Tucanoan	10	2	100
70	Nyulnyulan	5	1	100
70	Salishan	6	2	100
70	Chibchan	16	4	100
70	Uto-Aztecan	29	6	100
70	Chocoan	5	1	100
70	Hmong-Mien	9	2	100
70	Uralic	19	4	100
70	Mongolic-Khitan	5	1	100
70	Cariban	11	3	100
70	Tungusic	8	2	100
70	Unclassified	168	34	0
71	Atlantic-Congo	143	29	79.31
71	Arawakan	32	7	85.71
71	Sino-Tibetan	89	18	88.89
71	Tupian	17	4	100
71	Pama-Nyungan	57	12	91.67
71	Afro-Asiatic	43	9	88.89
71	Nuclear Trans New Guinea	40	8	25.0
71	Austronesian	313	63	82.54
71	Nakh-Daghestanian	20	4	100
71	Indo-European	49	10	80.0
71	Pano-Tacanan	11	3	100
71	Koiarian	6	2	100
71	Nuclear-Macro-Je	7	2	50.0
71	Quechuan	6	2	100
71	Turkic	14	3	100
71	Dravidian	13	3	100
71	Austroasiatic	54	11	100
71	Mande	7	2	100
71	Tai-Kadai	5	1	100
71	Tucanoan	10	2	100
71	Nyulnyulan	5	1	100
71	Salishan	6	2	100
71	Chibchan	16	4	75.0
71	Uto-Aztecan	29	6	100
71	Chocoan	5	1	100
71	Hmong-Mien	9	2	100
71	Uralic	19	4	100
71	Mongolic-Khitan	5	1	100
71	Cariban	11	3	100
71	Tungusic	8	2	100
71	Unclassified	168	34	0
72	Atlantic-Congo	143	29	72.41
72	Arawakan	32	7	71.43
72	Sino-Tibetan	89	18	94.44
72	Tupian	17	4	75.0
72	Pama-Nyungan	57	12	75.0
72	Afro-Asiatic	43	9	66.67
72	Nuclear Trans New Guinea	40	8	25.0
72	Austronesian	313	63	88.89
72	Nakh-Daghestanian	20	4	100
72	Indo-European	49	10	100
72	Pano-Tacanan	11	3	100
72	Koiarian	6	2	100
72	Nuclear-Macro-Je	7	2	50.0
72	Quechuan	6	2	100
72	Turkic	14	3	100
72	Dravidian	13	3	100
72	Austroasiatic	54	11	100
72	Mande	7	2	100
72	Tai-Kadai	5	1	100
72	Tucanoan	10	2	100
72	Nyulnyulan	5	1	100
72	Salishan	6	2	100
72	Chibchan	16	4	100
72	Uto-Aztecan	29	6	100
72	Chocoan	5	1	100
72	Hmong-Mien	9	2	100
72	Uralic	19	4	100
72	Mongolic-Khitan	5	1	100
72	Cariban	11	3	100
72	Tungusic	8	2	100
72	Unclassified	168	34	0
73	Atlantic-Congo	143	29	72.41
73	Arawakan	32	7	85.71
73	Sino-Tibetan	89	18	94.44
73	Tupian	17	4	100
73	Pama-Nyungan	57	12	75.0
73	Afro-Asiatic	43	9	66.67
73	Nuclear Trans New Guinea	40	8	0
73	Austronesian	313	63	85.71
73	Nakh-Daghestanian	20	4	100
73	Indo-European	49	10	100
73	Pano-Tacanan	11	3	66.67
73	Koiarian	6	2	100
73	Nuclear-Macro-Je	7	2	0
73	Quechuan	6	2	100
73	Turkic	14	3	100
73	Dravidian	13	3	100
73	Austroasiatic	54	11	100
73	Mande	7	2	100
73	Tai-Kadai	5	1	100
73	Tucanoan	10	2	100
73	Nyulnyulan	5	1	100
73	Salishan	6	2	100
73	Chibchan	16	4	100
73	Uto-Aztecan	29	6	100
73	Chocoan	5	1	100
73	Hmong-Mien	9	2	100
73	Uralic	19	4	100
73	Mongolic-Khitan	5	1	100
73	Cariban	11	3	100
73	Tungusic	8	2	100
73	Unclassified	168	34	0
74	Atlantic-Congo	143	29	72.41
74	Arawakan	32	7	85.71
74	Sino-Tibetan	89	18	94.44
74	Tupian	17	4	100
74	Pama-Nyungan	57	12	75.0
74	Afro-Asiatic	43	9	77.78
74	Nuclear Trans New Guinea	40	8	37.5
74	Austronesian	313	63	84.13
74	Nakh-Daghestanian	20	4	100
74	Indo-European	49	10	90.0
74	Pano-Tacanan	11	3	66.67
74	Koiarian	6	2	100
74	Nuclear-Macro-Je	7	2	0
74	Quechuan	6	2	100
74	Turkic	14	3	100
74	Dravidian	13	3	100
74	Austroasiatic	54	11	100
74	Mande	7	2	100
74	Tai-Kadai	5	1	100
74	Tucanoan	10	2	100
74	Nyulnyulan	5	1	100
74	Salishan	6	2	100
74	Chibchan	16	4	100
74	Uto-Aztecan	29	6	100
74	Chocoan	5	1	100
74	Hmong-Mien	9	2	100
74	Uralic	19	4	100
74	Mongolic-Khitan	5	1	100
74	Cariban	11	3	100
74	Tungusic	8	2	100
74	Unclassified	168	34	0
75	Atlantic-Congo	143	29	65.52
75	Arawakan	32	7	100
75	Sino-Tibetan	89	18	100
75	Tupian	17	4	75.0
75	Pama-Nyungan	57	12	100
75	Afro-Asiatic	43	9	77.78
75	Nuclear Trans New Guinea	40	8	50.0
75	Austronesian	313	63	85.71
75	Nakh-Daghestanian	20	4	100
75	Indo-European	49	10	100
75	Pano-Tacanan	11	3	100
75	Koiarian	6	2	100
75	Nuclear-Macro-Je	7	2	0
75	Quechuan	6	2	100
75	Turkic	14	3	100
75	Dravidian	13	3	100
75	Austroasiatic	54	11	90.91
75	Mande	7	2	100
75	Tai-Kadai	5	1	100
75	Tucanoan	10	2	100
75	Nyulnyulan	5	1	100
75	Salishan	6	2	100
75	Chibchan	16	4	75.0
75	Uto-Aztecan	29	6	100
75	Chocoan	5	1	100
75	Hmong-Mien	9	2	100
75	Uralic	19	4	100
75	Mongolic-Khitan	5	1	100
75	Cariban	11	3	100
75	Tungusic	8	2	100
75	Unclassified	168	34	0
76	Atlantic-Congo	143	29	75.86
76	Arawakan	32	7	85.71
76	Sino-Tibetan	89	18	94.44
76	Tupian	17	4	75.0
76	Pama-Nyungan	57	12	83.33
76	Afro-Asiatic	43	9	88.89
76	Nuclear Trans New Guinea	40	8	12.5
76	Austronesian	313	63	76.19
76	Nakh-Daghestanian	20	4	100
76	Indo-European	49	10	100
76	Pano-Tacanan	11	3	100
76	Koiarian	6	2	100
76	Nuclear-Macro-Je	7	2	0
76	Quechuan	6	2	100
76	Turkic	14	3	100
76	Dravidian	13	3	100
76	Austroasiatic	54	11	90.91
76	Mande	7	2	100
76	Tai-Kadai	5	1	100
76	Tucanoan	10	2	100
76	Nyulnyulan	5	1	100
76	Salishan	6	2	100
76	Chibchan	16	4	100
76	Uto-Aztecan	29	6	100
76	Chocoan	5	1	100
76	Hmong-Mien	9	2	100
76	Uralic	19	4	100
76	Mongolic-Khitan	5	1	100
76	Cariban	11	3	100
76	Tungusic	8	2	100
76	Unclassified	168	34	0
77	Atlantic-Congo	143	29	75.86
77	Arawakan	32	7	85.71
77	Sino-Tibetan	89	18	94.44
77	Tupian	17	4	100
77	Pama-Nyungan	57	12	50.0
77	Afro-Asiatic	43	9	66.67
77	Nuclear Trans New Guinea	40	8	37.5
77	Austronesian	313	63	84.13
77	Nakh-Daghestanian	20	4	100
77	Indo-European	49	10	100
77	Pano-Tacanan	11	3	100
77	Koiarian	6	2	100
77	Nuclear-Macro-Je	7	2	0
77	Quechuan	6	2	100
77	Turkic	14	3	100
77	Dravidian	13	3	100
77	Austroasiatic	54	11	90.91
77	Mande	7	2	100
77	Tai-Kadai	5	1	100
77	Tucanoan	10	2	100
77	Nyulnyulan	5	1	100
77	Salishan	6	2	100
77	Chibchan	16	4	75.0
77	Uto-Aztecan	29	6	100
77	Chocoan	5	1	100
77	Hmong-Mien	9	2	100
77	Uralic	19	4	100
77	Mongolic-Khitan	5	1	100
77	Cariban	11	3	100
77	Tungusic	8	2	100
77	Unclassified	168	34	0
78	Atlantic-Congo	143	29	65.52
78	Arawakan	32	7	85.71
78	Sino-Tibetan	89	18	94.44
78	Tupian	17	4	100
78	Pama-Nyungan	57	12	66.67
78	Afro-Asiatic	43	9	100
78	Nuclear Trans New Guinea	40	8	0
78	Austronesian	313	63	93.65
78	Nakh-Daghestanian	20	4	100
78	Indo-European	49	10	100
78	Pano-Tacanan	11	3	100
78	Koiarian	6	2	100
78	Nuclear-Macro-Je	7	2	0
78	Quechuan	6	2	100
78	Turkic	14	3	100
78	Dravidian	13	3	100
78	Austroasiatic	54	11	100
78	Mande	7	2	100
78	Tai-Kadai	5	1	100
78	Tucanoan	10	2	100
78	Nyulnyulan	5	1	100
78	Salishan	6	2	100
78	Chibchan	16	4	75.0
78	Uto-Aztecan	29	6	100
78	Chocoan	5	1	100
78	Hmong-Mien	9	2	100
78	Uralic	19	4	100
78	Mongolic-Khitan	5	1	100
78	Cariban	11	3	100
78	Tungusic	8	2	100
78	Unclassified	168	34	0
79	Atlantic-Congo	143	29	72.41
79	Arawakan	32	7	85.71
79	Sino-Tibetan	89	18	100
79	Tupian	17	4	100
79	Pama-Nyungan	57	12	50.0
79	Afro-Asiatic	43	9	55.56
79	Nuclear Trans New Guinea	40	8	25.0
79	Austronesian	313	63	88.89
79	Nakh-Daghestanian	20	4	100
79	Indo-European	49	10	100
79	Pano-Tacanan	11	3	100
79	Koiarian	6	2	100
79	Nuclear-Macro-Je	7	2	0
79	Quechuan	6	2	100
79	Turkic	14	3	100
79	Dravidian	13	3	100
79	Austroasiatic	54	11	100
79	Mande	7	2	100
79	Tai-Kadai	5	1	100
79	Tucanoan	10	2	100
79	Nyulnyulan	5	1	100
79	Salishan	6	2	100
79	Chibchan	16	4	75.0
79	Uto-Aztecan	29	6	100
79	Chocoan	5	1	100
79	Hmong-Mien	9	2	100
79	Uralic	19	4	100
79	Mongolic-Khitan	5	1	100
79	Cariban	11	3	100
79	Tungusic	8	2	100
79	Unclassified	168	34	0
80	Atlantic-Congo	143	29	79.31
80	Arawakan	32	7	85.71
80	Sino-Tibetan	89	18	100
80	Tupian	17	4	100
80	Pama-Nyungan	57	12	75.0
80	Afro-Asiatic	43	9	88.89
80	Nuclear Trans New Guinea	40	8	25.0
80	Austronesian	313	63	85.71
80	Nakh-Daghestanian	20	4	100
80	Indo-European	49	10	90.0
80	Pano-Tacanan	11	3	100
80	Koiarian	6	2	100
80	Nuclear-Macro-Je	7	2	50.0
80	Quechuan	6	2	100
80	Turkic	14	3	100
80	Dravidian	13	3	100
80	Austroasiatic	54	11	100
80	Mande	7	2	100
80	Tai-Kadai	5	1	100
80	Tucanoan	10	2	100
80	Nyulnyulan	5	1	100
80	Salishan	6	2	100
80	Chibchan	16	4	100
80	Uto-Aztecan	29	6	100
80	Chocoan	5	1	100
80	Hmong-Mien	9	2	100
80	Uralic	19	4	100
80	Mongolic-Khitan	5	1	100
80	Cariban	11	3	100
80	Tungusic	8	2	100
80	Unclassified	168	34	0
81	Atlantic-Congo	143	29	75.86
81	Arawakan	32	7	85.71
81	Sino-Tibetan	89	18	88.89
81	Tupian	17	4	100
81	Pama-Nyungan	57	12	91.67
81	Afro-Asiatic	43	9	88.89
81	Nuclear Trans New Guinea	40	8	37.5
81	Austronesian	313	63	82.54
81	Nakh-Daghestanian	20	4	100
81	Indo-European	49	10	90.0
81	Pano-Tacanan	11	3	100
81	Koiarian	6	2	100
81	Nuclear-Macro-Je	7	2	0
81	Quechuan	6	2	100
81	Turkic	14	3	100
81	Dravidian	13	3	100
81	Austroasiatic	54	11	100
81	Mande	7	2	100
81	Tai-Kadai	5	1	100
81	Tucanoan	10	2	100
81	Nyulnyulan	5	1	100
81	Salishan	6	2	100
81	Chibchan	16	4	100
81	Uto-Aztecan	29	6	100
81	Chocoan	5	1	100
81	Hmong-Mien	9	2	100
81	Uralic	19	4	100
81	Mongolic-Khitan	5	1	100
81	Cariban	11	3	100
81	Tungusic	8	2	100
81	Unclassified	168	34	0
82	Atlantic-Congo	143	29	82.76
82	Arawakan	32	7	100
82	Sino-Tibetan	89	18	94.44
82	Tupian	17	4	75.0
82	Pama-Nyungan	57	12	75.0
82	Afro-Asiatic	43	9	77.78
82	Nuclear Trans New Guinea	40	8	12.5
82	Austronesian	313	63	87.3
82	Nakh-Daghestanian	20	4	100
82	Indo-European	49	10	100
82	Pano-Tacanan	11	3	100
82	Koiarian	6	2	100
82	Nuclear-Macro-Je	7	2	0
82	Quechuan	6	2	100
82	Turkic	14	3	100
82	Dravidian	13	3	100
82	Austroasiatic	54	11	100
82	Mande	7	2	100
82	Tai-Kadai	5	1	100
82	Tucanoan	10	2	100
82	Nyulnyulan	5	1	100
82	Salishan	6	2	100
82	Chibchan	16	4	75.0
82	Uto-Aztecan	29	6	100
82	Chocoan	5	1	100
82	Hmong-Mien	9	2	100
82	Uralic	19	4	100
82	Mongolic-Khitan	5	1	100
82	Cariban	11	3	100
82	Tungusic	8	2	100
82	Unclassified	168	34	0
83	Atlantic-Congo	143	29	75.86
83	Arawakan	32	7	100
83	Sino-Tibetan	89	18	100
83	Tupian	17	4	100
83	Pama-Nyungan	57	12	58.33
83	Afro-Asiatic	43	9	77.78
83	Nuclear Trans New Guinea	40	8	25.0
83	Austronesian	313	63	84.13
83	Nakh-Daghestanian	20	4	100
83	Indo-European	49	10	90.0
83	Pano-Tacanan	11	3	100
83	Koiarian	6	2	100
83	Nuclear-Macro-Je	7	2	0
83	Quechuan	6	2	100
83	Turkic	14	3	100
83	Dravidian	13	3	100
83	Austroasiatic	54	11	90.91
83	Mande	7	2	100
83	Tai-Kadai	5	1	100
83	Tucanoan	10	2	100
83	Nyulnyulan	5	1	100
83	Salishan	6	2	100
83	Chibchan	16	4	75.0
83	Uto-Aztecan	29	6	100
83	Chocoan	5	1	100
83	Hmong-Mien	9	2	100
83	Uralic	19	4	100
83	Mongolic-Khitan	5	1	100
83	Cariban	11	3	100
83	Tungusic	8	2	100
83	Unclassified	168	34	0
84	Atlantic-Congo	143	29	82.76
84	Arawakan	32	7	85.71
84	Sino-Tibetan	89	18	94.44
84	Tupian	17	4	100
84	Pama-Nyungan	57	12	75.0
84	Afro-Asiatic	43	9	88.89
84	Nuclear Trans New Guinea	40	8	50.0
84	Austronesian	313	63	85.71
84	Nakh-Daghestanian	20	4	100
84	Indo-European	49	10	100
84	Pano-Tacanan	11	3	66.67
84	Koiarian	6	2	100
84	Nuclear-Macro-Je	7	2	50.0
84	Quechuan	6	2	100
84	Turkic	14	3	100
84	Dravidian	13	3	100
84	Austroasiatic	54	11	100
84	Mande	7	2	100
84	Tai-Kadai	5	1	100
84	Tucanoan	10	2	100
84	Nyulnyulan	5	1	100
84	Salishan	6	2	100
84	Chibchan	16	4	100
84	Uto-Aztecan	29	6	100
84	Chocoan	5	1	100
84	Hmong-Mien	9	2	100
84	Uralic	19	4	100
84	Mongolic-Khitan	5	1	100
84	Cariban	11	3	100
84	Tungusic	8	2	100
84	Unclassified	168	34	0
85	Atlantic-Congo	143	29	58.62
85	Arawakan	32	7	85.71
85	Sino-Tibetan	89	18	100
85	Tupian	17	4	100
85	Pama-Nyungan	57	12	75.0
85	Afro-Asiatic	43	9	88.89
85	Nuclear Trans New Guinea	40	8	12.5
85	Austronesian	313	63	80.95
85	Nakh-Daghestanian	20	4	100
85	Indo-European	49	10	100
85	Pano-Tacanan	11	3	100
85	Koiarian	6	2	100
85	Nuclear-Macro-Je	7	2	0
85	Quechuan	6	2	100
85	Turkic	14	3	100
85	Dravidian	13	3	100
85	Austroasiatic	54	11	90.91
85	Mande	7	2	100
85	Tai-Kadai	5	1	100
85	Tucanoan	10	2	100
85	Nyulnyulan	5	1	100
85	Salishan	6	2	100
85	Chibchan	16	4	75.0
85	Uto-Aztecan	29	6	100
85	Chocoan	5	1	100
85	Hmong-Mien	9	2	100
85	Uralic	19	4	100
85	Mongolic-Khitan	5	1	100
85	Cariban	11	3	100
85	Tungusic	8	2	100
85	Unclassified	168	34	0
86	Atlantic-Congo	143	29	65.52
86	Arawakan	32	7	85.71
86	Sino-Tibetan	89	18	94.44
86	Tupian	17	4	100
86	Pama-Nyungan	57	12	75.0
86	Afro-Asiatic	43	9	77.78
86	Nuclear Trans New Guinea	40	8	25.0
86	Austronesian	313	63	85.71
86	Nakh-Daghestanian	20	4	100
86	Indo-European	49	10	100
86	Pano-Tacanan	11	3	100
86	Koiarian	6	2	100
86	Nuclear-Macro-Je	7	2	50.0
86	Quechuan	6	2	100
86	Turkic	14	3	100
86	Dravidian	13	3	100
86	Austroasiatic	54	11	90.91
86	Mande	7	2	100
86	Tai-Kadai	5	1	100
86	Tucanoan	10	2	100
86	Nyulnyulan	5	1	100
86	Salishan	6	2	100
86	Chibchan	16	4	100
86	Uto-Aztecan	29	6	100
86	Chocoan	5	1	100
86	Hmong-Mien	9	2	100
86	Uralic	19	4	100
86	Mongolic-Khitan	5	1	100
86	Cariban	11	3	100
86	Tungusic	8	2	100
86	Unclassified	168	34	0
87	Atlantic-Congo	143	29	79.31
87	Arawakan	32	7	85.71
87	Sino-Tibetan	89	18	100
87	Tupian	17	4	100
87	Pama-Nyungan	57	12	75.0
87	Afro-Asiatic	43	9	88.89
87	Nuclear Trans New Guinea	40	8	37.5
87	Austronesian	313	63	84.13
87	Nakh-Daghestanian	20	4	100
87	Indo-European	49	10	100
87	Pano-Tacanan	11	3	100
87	Koiarian	6	2	100
87	Nuclear-Macro-Je	7	2	0
87	Quechuan	6	2	100
87	Turkic	14	3	100
87	Dravidian	13	3	100
87	Austroasiatic	54	11	100
87	Mande	7	2	100
87	Tai-Kadai	5	1	100
87	Tucanoan	10	2	100
87	Nyulnyulan	5	1	100
87	Salishan	6	2	100
87	Chibchan	16	4	100
87	Uto-Aztecan	29	6	100
87	Chocoan	5	1	100
87	Hmong-Mien	9	2	100
87	Uralic	19	4	100
87	Mongolic-Khitan	5	1	100
87	Cariban	11	3	100
87	Tungusic	8	2	100
87	Unclassified	168	34	0
88	Atlantic-Congo	143	29	65.52
88	Arawakan	32	7	100
88	Sino-Tibetan	89	18	100
88	Tupian	17	4	100
88	Pama-Nyungan	57	12	83.33
88	Afro-Asiatic	43	9	100
88	Nuclear Trans New Guinea	40	8	62.5
88	Austronesian	313	63	87.3
88	Nakh-Daghestanian	20	4	100
88	Indo-European	49	10	100
88	Pano-Tacanan	11	3	100
88	Koiarian	6	2	100
88	Nuclear-Macro-Je	7	2	0
88	Quechuan	6	2	100
88	Turkic	14	3	100
88	Dravidian	13	3	100
88	Austroasiatic	54	11	81.82
88	Mande	7	2	100
88	Tai-Kadai	5	1	100
88	Tucanoan	10	2	100
88	Nyulnyulan	5	1	100
88	Salishan	6	2	100
88	Chibchan	16	4	100
88	Uto-Aztecan	29	6	100
88	Chocoan	5	1	100
88	Hmong-Mien	9	2	100
88	Uralic	19	4	100
88	Mongolic-Khitan	5	1	100
88	Cariban	11	3	100
88	Tungusic	8	2	100
88	Unclassified	168	34	0
89	Atlantic-Congo	143	29	75.86
89	Arawakan	32	7	85.71
89	Sino-Tibetan	89	18	94.44
89	Tupian	17	4	75.0
89	Pama-Nyungan	57	12	91.67
89	Afro-Asiatic	43	9	100
89	Nuclear Trans New Guinea	40	8	12.5
89	Austronesian	313	63	82.54
89	Nakh-Daghestanian	20	4	100
89	Indo-European	49	10	90.0
89	Pano-Tacanan	11	3	100
89	Koiarian	6	2	100
89	Nuclear-Macro-Je	7	2	0
89	Quechuan	6	2	100
89	Turkic	14	3	100
89	Dravidian	13	3	100
89	Austroasiatic	54	11	90.91
89	Mande	7	2	100
89	Tai-Kadai	5	1	100
89	Tucanoan	10	2	100
89	Nyulnyulan	5	1	100
89	Salishan	6	2	100
89	Chibchan	16	4	100
89	Uto-Aztecan	29	6	100
89	Chocoan	5	1	100
89	Hmong-Mien	9	2	100
89	Uralic	19	4	100
89	Mongolic-Khitan	5	1	100
89	Cariban	11	3	100
89	Tungusic	8	2	100
89	Unclassified	168	34	0
90	Atlantic-Congo	143	29	68.97
90	Arawakan	32	7	85.71
90	Sino-Tibetan	89	18	100
90	Tupian	17	4	100
90	Pama-Nyungan	57	12	75.0
90	Afro-Asiatic	43	9	88.89
90	Nuclear Trans New Guinea	40	8	25.0
90	Austronesian	313	63	87.3
90	Nakh-Daghestanian	20	4	100
90	Indo-European	49	10	100
90	Pano-Tacanan	11	3	100
90	Koiarian	6	2	100
90	Nuclear-Macro-Je	7	2	50.0
90	Quechuan	6	2	100
90	Turkic	14	3	100
90	Dravidian	13	3	100
90	Austroasiatic	54	11	100
90	Mande	7	2	100
90	Tai-Kadai	5	1	100
90	Tucanoan	10	2	100
90	Nyulnyulan	5	1	100
90	Salishan	6	2	100
90	Chibchan	16	4	75.0
90	Uto-Aztecan	29	6	100
90	Chocoan	5	1	100
90	Hmong-Mien	9	2	100
90	Uralic	19	4	100
90	Mongolic-Khitan	5	1	100
90	Cariban	11	3	100
90	Tungusic	8	2	100
90	Unclassified	168	34	0
91	Atlantic-Congo	143	29	79.31
91	Arawakan	32	7	85.71
91	Sino-Tibetan	89	18	94.44
91	Tupian	17	4	100
91	Pama-Nyungan	57	12	75.0
91	Afro-Asiatic	43	9	66.67
91	Nuclear Trans New Guinea	40	8	12.5
91	Austronesian	313	63	77.78
91	Nakh-Daghestanian	20	4	100
91	Indo-European	49	10	100
91	Pano-Tacanan	11	3	100
91	Koiarian	6	2	100
91	Nuclear-Macro-Je	7	2	0
91	Quechuan	6	2	100
91	Turkic	14	3	100
91	Dravidian	13	3	100
91	Austroasiatic	54	11	100
91	Mande	7	2	100
91	Tai-Kadai	5	1	100
91	Tucanoan	10	2	100
91	Nyulnyulan	5	1	100
91	Salishan	6	2	100
91	Chibchan	16	4	100
91	Uto-Aztecan	29	6	100
91	Chocoan	5	1	100
91	Hmong-Mien	9	2	100
91	Uralic	19	4	100
91	Mongolic-Khitan	5	1	100
91	Cariban	11	3	100
91	Tungusic	8	2	100
91	Unclassified	168	34	0
92	Atlantic-Congo	143	29	75.86
92	Arawakan	32	7	100
92	Sino-Tibetan	89	18	94.44
92	Tupian	17	4	75.0
92	Pama-Nyungan	57	12	91.67
92	Afro-Asiatic	43	9	88.89
92	Nuclear Trans New Guinea	40	8	50.0
92	Austronesian	313	63	92.06
92	Nakh-Daghestanian	20	4	100
92	Indo-European	49	10	100
92	Pano-Tacanan	11	3	100
92	Koiarian	6	2	100
92	Nuclear-Macro-Je	7	2	0
92	Quechuan	6	2	100
92	Turkic	14	3	100
92	Dravidian	13	3	100
92	Austroasiatic	54	11	100
92	Mande	7	2	100
92	Tai-Kadai	5	1	100
92	Tucanoan	10	2	100
92	Nyulnyulan	5	1	100
92	Salishan	6	2	100
92	Chibchan	16	4	50.0
92	Uto-Aztecan	29	6	100
92	Chocoan	5	1	100
92	Hmong-Mien	9	2	100
92	Uralic	19	4	100
92	Mongolic-Khitan	5	1	100
92	Cariban	11	3	100
92	Tungusic	8	2	100
92	Unclassified	168	34	0
93	Atlantic-Congo	143	29	82.76
93	Arawakan	32	7	71.43
93	Sino-Tibetan	89	18	94.44
93	Tupian	17	4	100
93	Pama-Nyungan	57	12	91.67
93	Afro-Asiatic	43	9	100
93	Nuclear Trans New Guinea	40	8	25.0
93	Austronesian	313	63	80.95
93	Nakh-Daghestanian	20	4	100
93	Indo-European	49	10	100
93	Pano-Tacanan	11	3	100
93	Koiarian	6	2	100
93	Nuclear-Macro-Je	7	2	0
93	Quechuan	6	2	100
93	Turkic	14	3	100
93	Dravidian	13	3	100
93	Austroasiatic	54	11	100
93	Mande	7	2	100
93	Tai-Kadai	5	1	100
93	Tucanoan	10	2	100
93	Nyulnyulan	5	1	100
93	Salishan	6	2	100
93	Chibchan	16	4	100
93	Uto-Aztecan	29	6	100
93	Chocoan	5	1	100
93	Hmong-Mien	9	2	100
93	Uralic	19	4	100
93	Mongolic-Khitan	5	1	100
93	Cariban	11	3	100
93	Tungusic	8	2	100
93	Unclassified	168	34	0
94	Atlantic-Congo	143	29	65.52
94	Arawakan	32	7	85.71
94	Sino-Tibetan	89	18	100
94	Tupian	17	4	100
94	Pama-Nyungan	57	12	66.67
94	Afro-Asiatic	43	9	77.78
94	Nuclear Trans New Guinea	40	8	50.0
94	Austronesian	313	63	84.13
94	Nakh-Daghestanian	20	4	100
94	Indo-European	49	10	100
94	Pano-Tacanan	11	3	100
94	Koiarian	6	2	100
94	Nuclear-Macro-Je	7	2	50.0
94	Quechuan	6	2	100
94	Turkic	14	3	100
94	Dravidian	13	3	100
94	Austroasiatic	54	11	100
94	Mande	7	2	100
94	Tai-Kadai	5	1	100
94	Tucanoan	10	2	100
94	Nyulnyulan	5	1	100
94	Salishan	6	2	100
94	Chibchan	16	4	75.0
94	Uto-Aztecan	29	6	100
94	Chocoan	5	1	100
94	Hmong-Mien	9	2	100
94	Uralic	19	4	100
94	Mongolic-Khitan	5	1	100
94	Cariban	11	3	100
94	Tungusic	8	2	100
94	Unclassified	168	34	0
95	Atlantic-Congo	143	29	68.97
95	Arawakan	32	7	85.71
95	Sino-Tibetan	89	18	100
95	Tupian	17	4	100
95	Pama-Nyungan	57	12	75.0
95	Afro-Asiatic	43	9	77.78
95	Nuclear Trans New Guinea	40	8	25.0
95	Austronesian	313	63	77.78
95	Nakh-Daghestanian	20	4	100
95	Indo-European	49	10	100
95	Pano-Tacanan	11	3	100
95	Koiarian	6	2	100
95	Nuclear-Macro-Je	7	2	0
95	Quechuan	6	2	100
95	Turkic	14	3	100
95	Dravidian	13	3	100
95	Austroasiatic	54	11	90.91
95	Mande	7	2	100
95	Tai-Kadai	5	1	100
95	Tucanoan	10	2	100
95	Nyulnyulan	5	1	100
95	Salishan	6	2	100
95	Chibchan	16	4	100
95	Uto-Aztecan	29	6	100
95	Chocoan	5	1	100
95	Hmong-Mien	9	2	100
95	Uralic	19	4	100
95	Mongolic-Khitan	5	1	100
95	Cariban	11	3	100
95	Tungusic	8	2	100
95	Unclassified	168	34	0
96	Atlantic-Congo	143	29	79.31
96	Arawakan	32	7	100
96	Sino-Tibetan	89	18	100
96	Tupian	17	4	75.0
96	Pama-Nyungan	57	12	75.0
96	Afro-Asiatic	43	9	88.89
96	Nuclear Trans New Guinea	40	8	25.0
96	Austronesian	313	63	90.48
96	Nakh-Daghestanian	20	4	100
96	Indo-European	49	10	100
96	Pano-Tacanan	11	3	100
96	Koiarian	6	2	100
96	Nuclear-Macro-Je	7	2	50.0
96	Quechuan	6	2	100
96	Turkic	14	3	100
96	Dravidian	13	3	100
96	Austroasiatic	54	11	100
96	Mande	7	2	100
96	Tai-Kadai	5	1	100
96	Tucanoan	10	2	100
96	Nyulnyulan	5	1	100
96	Salishan	6	2	100
96	Chibchan	16	4	75.0
96	Uto-Aztecan	29	6	100
96	Chocoan	5	1	100
96	Hmong-Mien	9	2	100
96	Uralic	19	4	100
96	Mongolic-Khitan	5	1	100
96	Cariban	11	3	100
96	Tungusic	8	2	100
96	Unclassified	168	34	0
97	Atlantic-Congo	143	29	72.41
97	Arawakan	32	7	71.43
97	Sino-Tibetan	89	18	100
97	Tupian	17	4	100
97	Pama-Nyungan	57	12	66.67
97	Afro-Asiatic	43	9	77.78
97	Nuclear Trans New Guinea	40	8	62.5
97	Austronesian	313	63	88.89
97	Nakh-Daghestanian	20	4	100
97	Indo-European	49	10	100
97	Pano-Tacanan	11	3	100
97	Koiarian	6	2	100
97	Nuclear-Macro-Je	7	2	0
97	Quechuan	6	2	100
97	Turkic	14	3	100
97	Dravidian	13	3	100
97	Austroasiatic	54	11	90.91
97	Mande	7	2	100
97	Tai-Kadai	5	1	100
97	Tucanoan	10	2	100
97	Nyulnyulan	5	1	100
97	Salishan	6	2	100
97	Chibchan	16	4	75.0
97	Uto-Aztecan	29	6	100
97	Chocoan	5	1	100
97	Hmong-Mien	9	2	100
97	Uralic	19	4	100
97	Mongolic-Khitan	5	1	100
97	Cariban	11	3	100
97	Tungusic	8	2	100
97	Unclassified	168	34	0
98	Atlantic-Congo	143	29	72.41
98	Arawakan	32	7	85.71
98	Sino-Tibetan	89	18	100
98	Tupian	17	4	100
98	Pama-Nyungan	57	12	91.67
98	Afro-Asiatic	43	9	100
98	Nuclear Trans New Guinea	40	8	37.5
98	Austronesian	313	63	84.13
98	Nakh-Daghestanian	20	4	100
98	Indo-European	49	10	90.0
98	Pano-Tacanan	11	3	100
98	Koiarian	6	2	100
98	Nuclear-Macro-Je	7	2	0
98	Quechuan	6	2	100
98	Turkic	14	3	100
98	Dravidian	13	3	100
98	Austroasiatic	54	11	100
98	Mande	7	2	100
98	Tai-Kadai	5	1	100
98	Tucanoan	10	2	100
98	Nyulnyulan	5	1	100
98	Salishan	6	2	100
98	Chibchan	16	4	75.0
98	Uto-Aztecan	29	6	100
98	Chocoan	5	1	100
98	Hmong-Mien	9	2	100
98	Uralic	19	4	100
98	Mongolic-Khitan	5	1	100
98	Cariban	11	3	100
98	Tungusic	8	2	100
98	Unclassified	168	34	0
99	Atlantic-Congo	143	29	65.52
99	Arawakan	32	7	85.71
99	Sino-Tibetan	89	18	88.89
99	Tupian	17	4	100
99	Pama-Nyungan	57	12	83.33
99	Afro-Asiatic	43	9	66.67
99	Nuclear Trans New Guinea	40	8	25.0
99	Austronesian	313	63	88.89
99	Nakh-Daghestanian	20	4	100
99	Indo-European	49	10	100
99	Pano-Tacanan	11	3	100
99	Koiarian	6	2	100
99	Nuclear-Macro-Je	7	2	0
99	Quechuan	6	2	100
99	Turkic	14	3	100
99	Dravidian	13	3	100
99	Austroasiatic	54	11	100
99	Mande	7	2	100
99	Tai-Kadai	5	1	100
99	Tucanoan	10	2	100
99	Nyulnyulan	5	1	100
99	Salishan	6	2	100
99	Chibchan	16	4	100
99	Uto-Aztecan	29	6	100
99	Chocoan	5	1	100
99	Hmong-Mien	9	2	100
99	Uralic	19	4	100
99	Mongolic-Khitan	5	1	100
99	Cariban	11	3	100
99	Tungusic	8	2	100
99	Unclassified	168	34	0
100	Atlantic-Congo	143	29	62.07
100	Arawakan	32	7	100
100	Sino-Tibetan	89	18	100
100	Tupian	17	4	75.0
100	Pama-Nyungan	57	12	83.33
100	Afro-Asiatic	43	9	66.67
100	Nuclear Trans New Guinea	40	8	37.5
100	Austronesian	313	63	87.3
100	Nakh-Daghestanian	20	4	100
100	Indo-European	49	10	100
100	Pano-Tacanan	11	3	100
100	Koiarian	6	2	100
100	Nuclear-Macro-Je	7	2	50.0
100	Quechuan	6	2	100
100	Turkic	14	3	100
100	Dravidian	13	3	100
100	Austroasiatic	54	11	100
100	Mande	7	2	100
100	Tai-Kadai	5	1	100
100	Tucanoan	10	2	100
100	Nyulnyulan	5	1	100
100	Salishan	6	2	100
100	Chibchan	16	4	75.0
100	Uto-Aztecan	29	6	100
100	Chocoan	5	1	100
100	Hmong-Mien	9	2	100
100	Uralic	19	4	100
100	Mongolic-Khitan	5	1	100
100	Cariban	11	3	100
100	Tungusic	8	2	100
100	Unclassified	168	34	0
