Run	Family	Languages	Tested	Score
1	Sino-Tibetan	85	17	94.12
1	Austronesian	301	60	76.67
1	Mande	7	1	100.00
1	Atlantic-Congo	143	29	55.17
1	Pano-Tacanan	10	2	100.00
1	Pama-Nyungan	51	10	90.00
1	Arawakan	31	6	100.00
1	Tupian	15	3	100.00
1	Hmong-Mien	9	2	100.00
1	Indo-European	47	9	77.78
1	Afro-Asiatic	38	8	87.50
1	Tucanoan	10	2	50.00
1	Chocoan	5	1	100.00
1	Chibchan	15	3	33.33
1	Quechuan	6	1	100.00
1	Cariban	11	2	100.00
1	Uto-Aztecan	27	5	100.00
1	Nuclear-Macro-Je	7	1	0.00
1	Nakh-Daghestanian	20	4	100.00
1	Turkic	12	2	100.00
1	Uralic	19	4	50.00
1	Salishan	6	1	100.00
1	Tai-Kadai	5	1	100.00
1	Austroasiatic	54	11	90.91
1	Koiarian	6	1	100.00
1	Nuclear Trans New Guinea	39	8	12.50
1	Mongolic-Khitan	5	1	100.00
1	Dravidian	13	3	100.00
1	Tungusic	8	2	100.00
1	Unclassified	165	33	0.00
2	Sino-Tibetan	85	17	100.00
2	Austronesian	301	60	78.33
2	Mande	7	1	100.00
2	Atlantic-Congo	143	29	41.38
2	Pano-Tacanan	10	2	50.00
2	Pama-Nyungan	51	10	90.00
2	Arawakan	31	6	100.00
2	Tupian	15	3	66.67
2	Hmong-Mien	9	2	100.00
2	Indo-European	47	9	88.89
2	Afro-Asiatic	38	8	50.00
2	Tucanoan	10	2	50.00
2	Chocoan	5	1	100.00
2	Chibchan	15	3	100.00
2	Quechuan	6	1	100.00
2	Cariban	11	2	100.00
2	Uto-Aztecan	27	5	60.00
2	Nuclear-Macro-Je	7	1	100.00
2	Nakh-Daghestanian	20	4	100.00
2	Turkic	12	2	100.00
2	Uralic	19	4	100.00
2	Salishan	6	1	100.00
2	Tai-Kadai	5	1	100.00
2	Austroasiatic	54	11	90.91
2	Koiarian	6	1	0.00
2	Nuclear Trans New Guinea	39	8	12.50
2	Mongolic-Khitan	5	1	0.00
2	Dravidian	13	3	100.00
2	Tungusic	8	2	100.00
2	Unclassified	165	33	0.00
3	Sino-Tibetan	85	17	100.00
3	Austronesian	301	60	76.67
3	Mande	7	1	100.00
3	Atlantic-Congo	143	29	44.83
3	Pano-Tacanan	10	2	50.00
3	Pama-Nyungan	51	10	90.00
3	Arawakan	31	6	50.00
3	Tupian	15	3	100.00
3	Hmong-Mien	9	2	100.00
3	Indo-European	47	9	77.78
3	Afro-Asiatic	38	8	75.00
3	Tucanoan	10	2	50.00
3	Chocoan	5	1	0.00
3	Chibchan	15	3	100.00
3	Quechuan	6	1	100.00
3	Cariban	11	2	100.00
3	Uto-Aztecan	27	5	80.00
3	Nuclear-Macro-Je	7	1	0.00
3	Nakh-Daghestanian	20	4	100.00
3	Turkic	12	2	100.00
3	Uralic	19	4	50.00
3	Salishan	6	1	100.00
3	Tai-Kadai	5	1	100.00
3	Austroasiatic	54	11	81.82
3	Koiarian	6	1	100.00
3	Nuclear Trans New Guinea	39	8	0.00
3	Mongolic-Khitan	5	1	100.00
3	Dravidian	13	3	0.00
3	Tungusic	8	2	100.00
3	Unclassified	165	33	0.00
4	Sino-Tibetan	85	17	100.00
4	Austronesian	301	60	76.67
4	Mande	7	1	100.00
4	Atlantic-Congo	143	29	58.62
4	Pano-Tacanan	10	2	50.00
4	Pama-Nyungan	51	10	80.00
4	Arawakan	31	6	50.00
4	Tupian	15	3	100.00
4	Hmong-Mien	9	2	100.00
4	Indo-European	47	9	66.67
4	Afro-Asiatic	38	8	87.50
4	Tucanoan	10	2	50.00
4	Chocoan	5	1	100.00
4	Chibchan	15	3	100.00
4	Quechuan	6	1	100.00
4	Cariban	11	2	100.00
4	Uto-Aztecan	27	5	80.00
4	Nuclear-Macro-Je	7	1	0.00
4	Nakh-Daghestanian	20	4	100.00
4	Turkic	12	2	100.00
4	Uralic	19	4	75.00
4	Salishan	6	1	100.00
4	Tai-Kadai	5	1	100.00
4	Austroasiatic	54	11	63.64
4	Koiarian	6	1	0.00
4	Nuclear Trans New Guinea	39	8	0.00
4	Mongolic-Khitan	5	1	100.00
4	Dravidian	13	3	33.33
4	Tungusic	8	2	100.00
4	Unclassified	165	33	0.00
5	Sino-Tibetan	85	17	94.12
5	Austronesian	301	60	76.67
5	Mande	7	1	100.00
5	Atlantic-Congo	143	29	55.17
5	Pano-Tacanan	10	2	100.00
5	Pama-Nyungan	51	10	90.00
5	Arawakan	31	6	83.33
5	Tupian	15	3	100.00
5	Hmong-Mien	9	2	100.00
5	Indo-European	47	9	88.89
5	Afro-Asiatic	38	8	25.00
5	Tucanoan	10	2	50.00
5	Chocoan	5	1	0.00
5	Chibchan	15	3	66.67
5	Quechuan	6	1	100.00
5	Cariban	11	2	100.00
5	Uto-Aztecan	27	5	100.00
5	Nuclear-Macro-Je	7	1	0.00
5	Nakh-Daghestanian	20	4	100.00
5	Turkic	12	2	100.00
5	Uralic	19	4	50.00
5	Salishan	6	1	100.00
5	Tai-Kadai	5	1	100.00
5	Austroasiatic	54	11	72.73
5	Koiarian	6	1	0.00
5	Nuclear Trans New Guinea	39	8	12.50
5	Mongolic-Khitan	5	1	100.00
5	Dravidian	13	3	33.33
5	Tungusic	8	2	100.00
5	Unclassified	165	33	0.00
6	Sino-Tibetan	85	17	94.12
6	Austronesian	301	60	71.67
6	Mande	7	1	100.00
6	Atlantic-Congo	143	29	51.72
6	Pano-Tacanan	10	2	50.00
6	Pama-Nyungan	51	10	80.00
6	Arawakan	31	6	66.67
6	Tupian	15	3	100.00
6	Hmong-Mien	9	2	100.00
6	Indo-European	47	9	100.00
6	Afro-Asiatic	38	8	62.50
6	Tucanoan	10	2	100.00
6	Chocoan	5	1	100.00
6	Chibchan	15	3	66.67
6	Quechuan	6	1	100.00
6	Cariban	11	2	100.00
6	Uto-Aztecan	27	5	80.00
6	Nuclear-Macro-Je	7	1	0.00
6	Nakh-Daghestanian	20	4	100.00
6	Turkic	12	2	100.00
6	Uralic	19	4	50.00
6	Salishan	6	1	100.00
6	Tai-Kadai	5	1	100.00
6	Austroasiatic	54	11	63.64
6	Koiarian	6	1	100.00
6	Nuclear Trans New Guinea	39	8	0.00
6	Mongolic-Khitan	5	1	100.00
6	Dravidian	13	3	33.33
6	Tungusic	8	2	100.00
6	Unclassified	165	33	0.00
7	Sino-Tibetan	85	17	94.12
7	Austronesian	301	60	71.67
7	Mande	7	1	100.00
7	Atlantic-Congo	143	29	51.72
7	Pano-Tacanan	10	2	100.00
7	Pama-Nyungan	51	10	70.00
7	Arawakan	31	6	66.67
7	Tupian	15	3	100.00
7	Hmong-Mien	9	2	100.00
7	Indo-European	47	9	66.67
7	Afro-Asiatic	38	8	62.50
7	Tucanoan	10	2	100.00
7	Chocoan	5	1	0.00
7	Chibchan	15	3	100.00
7	Quechuan	6	1	100.00
7	Cariban	11	2	100.00
7	Uto-Aztecan	27	5	80.00
7	Nuclear-Macro-Je	7	1	100.00
7	Nakh-Daghestanian	20	4	100.00
7	Turkic	12	2	100.00
7	Uralic	19	4	75.00
7	Salishan	6	1	100.00
7	Tai-Kadai	5	1	100.00
7	Austroasiatic	54	11	90.91
7	Koiarian	6	1	100.00
7	Nuclear Trans New Guinea	39	8	0.00
7	Mongolic-Khitan	5	1	100.00
7	Dravidian	13	3	66.67
7	Tungusic	8	2	50.00
7	Unclassified	165	33	0.00
8	Sino-Tibetan	85	17	100.00
8	Austronesian	301	60	78.33
8	Mande	7	1	100.00
8	Atlantic-Congo	143	29	62.07
8	Pano-Tacanan	10	2	50.00
8	Pama-Nyungan	51	10	100.00
8	Arawakan	31	6	83.33
8	Tupian	15	3	100.00
8	Hmong-Mien	9	2	100.00
8	Indo-European	47	9	88.89
8	Afro-Asiatic	38	8	87.50
8	Tucanoan	10	2	50.00
8	Chocoan	5	1	100.00
8	Chibchan	15	3	100.00
8	Quechuan	6	1	100.00
8	Cariban	11	2	100.00
8	Uto-Aztecan	27	5	100.00
8	Nuclear-Macro-Je	7	1	0.00
8	Nakh-Daghestanian	20	4	100.00
8	Turkic	12	2	50.00
8	Uralic	19	4	50.00
8	Salishan	6	1	100.00
8	Tai-Kadai	5	1	100.00
8	Austroasiatic	54	11	81.82
8	Koiarian	6	1	0.00
8	Nuclear Trans New Guinea	39	8	0.00
8	Mongolic-Khitan	5	1	100.00
8	Dravidian	13	3	100.00
8	Tungusic	8	2	100.00
8	Unclassified	165	33	0.00
9	Sino-Tibetan	85	17	100.00
9	Austronesian	301	60	81.67
9	Mande	7	1	0.00
9	Atlantic-Congo	143	29	68.97
9	Pano-Tacanan	10	2	100.00
9	Pama-Nyungan	51	10	90.00
9	Arawakan	31	6	83.33
9	Tupian	15	3	100.00
9	Hmong-Mien	9	2	100.00
9	Indo-European	47	9	66.67
9	Afro-Asiatic	38	8	87.50
9	Tucanoan	10	2	50.00
9	Chocoan	5	1	100.00
9	Chibchan	15	3	100.00
9	Quechuan	6	1	100.00
9	Cariban	11	2	100.00
9	Uto-Aztecan	27	5	80.00
9	Nuclear-Macro-Je	7	1	100.00
9	Nakh-Daghestanian	20	4	100.00
9	Turkic	12	2	50.00
9	Uralic	19	4	75.00
9	Salishan	6	1	100.00
9	Tai-Kadai	5	1	100.00
9	Austroasiatic	54	11	63.64
9	Koiarian	6	1	0.00
9	Nuclear Trans New Guinea	39	8	25.00
9	Mongolic-Khitan	5	1	100.00
9	Dravidian	13	3	33.33
9	Tungusic	8	2	100.00
9	Unclassified	165	33	0.00
10	Sino-Tibetan	85	17	94.12
10	Austronesian	301	60	80.00
10	Mande	7	1	100.00
10	Atlantic-Congo	143	29	41.38
10	Pano-Tacanan	10	2	100.00
10	Pama-Nyungan	51	10	90.00
10	Arawakan	31	6	83.33
10	Tupian	15	3	100.00
10	Hmong-Mien	9	2	100.00
10	Indo-European	47	9	100.00
10	Afro-Asiatic	38	8	62.50
10	Tucanoan	10	2	100.00
10	Chocoan	5	1	100.00
10	Chibchan	15	3	33.33
10	Quechuan	6	1	100.00
10	Cariban	11	2	100.00
10	Uto-Aztecan	27	5	80.00
10	Nuclear-Macro-Je	7	1	0.00
10	Nakh-Daghestanian	20	4	100.00
10	Turkic	12	2	100.00
10	Uralic	19	4	50.00
10	Salishan	6	1	100.00
10	Tai-Kadai	5	1	100.00
10	Austroasiatic	54	11	45.45
10	Koiarian	6	1	0.00
10	Nuclear Trans New Guinea	39	8	12.50
10	Mongolic-Khitan	5	1	100.00
10	Dravidian	13	3	100.00
10	Tungusic	8	2	50.00
10	Unclassified	165	33	0.00
11	Sino-Tibetan	85	17	88.24
11	Austronesian	301	60	80.00
11	Mande	7	1	100.00
11	Atlantic-Congo	143	29	48.28
11	Pano-Tacanan	10	2	100.00
11	Pama-Nyungan	51	10	100.00
11	Arawakan	31	6	100.00
11	Tupian	15	3	66.67
11	Hmong-Mien	9	2	100.00
11	Indo-European	47	9	77.78
11	Afro-Asiatic	38	8	87.50
11	Tucanoan	10	2	50.00
11	Chocoan	5	1	100.00
11	Chibchan	15	3	100.00
11	Quechuan	6	1	100.00
11	Cariban	11	2	100.00
11	Uto-Aztecan	27	5	100.00
11	Nuclear-Macro-Je	7	1	0.00
11	Nakh-Daghestanian	20	4	100.00
11	Turkic	12	2	100.00
11	Uralic	19	4	75.00
11	Salishan	6	1	100.00
11	Tai-Kadai	5	1	100.00
11	Austroasiatic	54	11	90.91
11	Koiarian	6	1	100.00
11	Nuclear Trans New Guinea	39	8	12.50
11	Mongolic-Khitan	5	1	100.00
11	Dravidian	13	3	33.33
11	Tungusic	8	2	100.00
11	Unclassified	165	33	0.00
12	Sino-Tibetan	85	17	100.00
12	Austronesian	301	60	88.33
12	Mande	7	1	100.00
12	Atlantic-Congo	143	29	37.93
12	Pano-Tacanan	10	2	100.00
12	Pama-Nyungan	51	10	70.00
12	Arawakan	31	6	83.33
12	Tupian	15	3	100.00
12	Hmong-Mien	9	2	100.00
12	Indo-European	47	9	77.78
12	Afro-Asiatic	38	8	87.50
12	Tucanoan	10	2	50.00
12	Chocoan	5	1	0.00
12	Chibchan	15	3	33.33
12	Quechuan	6	1	100.00
12	Cariban	11	2	100.00
12	Uto-Aztecan	27	5	100.00
12	Nuclear-Macro-Je	7	1	100.00
12	Nakh-Daghestanian	20	4	100.00
12	Turkic	12	2	50.00
12	Uralic	19	4	75.00
12	Salishan	6	1	100.00
12	Tai-Kadai	5	1	100.00
12	Austroasiatic	54	11	100.00
12	Koiarian	6	1	0.00
12	Nuclear Trans New Guinea	39	8	12.50
12	Mongolic-Khitan	5	1	100.00
12	Dravidian	13	3	66.67
12	Tungusic	8	2	100.00
12	Unclassified	165	33	0.00
13	Sino-Tibetan	85	17	88.24
13	Austronesian	301	60	75.00
13	Mande	7	1	100.00
13	Atlantic-Congo	143	29	58.62
13	Pano-Tacanan	10	2	100.00
13	Pama-Nyungan	51	10	80.00
13	Arawakan	31	6	83.33
13	Tupian	15	3	100.00
13	Hmong-Mien	9	2	100.00
13	Indo-European	47	9	88.89
13	Afro-Asiatic	38	8	87.50
13	Tucanoan	10	2	100.00
13	Chocoan	5	1	100.00
13	Chibchan	15	3	100.00
13	Quechuan	6	1	100.00
13	Cariban	11	2	100.00
13	Uto-Aztecan	27	5	80.00
13	Nuclear-Macro-Je	7	1	0.00
13	Nakh-Daghestanian	20	4	75.00
13	Turkic	12	2	100.00
13	Uralic	19	4	50.00
13	Salishan	6	1	100.00
13	Tai-Kadai	5	1	100.00
13	Austroasiatic	54	11	72.73
13	Koiarian	6	1	0.00
13	Nuclear Trans New Guinea	39	8	25.00
13	Mongolic-Khitan	5	1	100.00
13	Dravidian	13	3	33.33
13	Tungusic	8	2	100.00
13	Unclassified	165	33	0.00
14	Sino-Tibetan	85	17	100.00
14	Austronesian	301	60	75.00
14	Mande	7	1	100.00
14	Atlantic-Congo	143	29	58.62
14	Pano-Tacanan	10	2	50.00
14	Pama-Nyungan	51	10	70.00
14	Arawakan	31	6	100.00
14	Tupian	15	3	100.00
14	Hmong-Mien	9	2	100.00
14	Indo-European	47	9	88.89
14	Afro-Asiatic	38	8	87.50
14	Tucanoan	10	2	50.00
14	Chocoan	5	1	100.00
14	Chibchan	15	3	66.67
14	Quechuan	6	1	100.00
14	Cariban	11	2	100.00
14	Uto-Aztecan	27	5	100.00
14	Nuclear-Macro-Je	7	1	100.00
14	Nakh-Daghestanian	20	4	100.00
14	Turkic	12	2	100.00
14	Uralic	19	4	75.00
14	Salishan	6	1	100.00
14	Tai-Kadai	5	1	100.00
14	Austroasiatic	54	11	54.55
14	Koiarian	6	1	100.00
14	Nuclear Trans New Guinea	39	8	0.00
14	Mongolic-Khitan	5	1	100.00
14	Dravidian	13	3	100.00
14	Tungusic	8	2	100.00
14	Unclassified	165	33	0.00
15	Sino-Tibetan	85	17	88.24
15	Austronesian	301	60	78.33
15	Mande	7	1	100.00
15	Atlantic-Congo	143	29	65.52
15	Pano-Tacanan	10	2	50.00
15	Pama-Nyungan	51	10	90.00
15	Arawakan	31	6	83.33
15	Tupian	15	3	100.00
15	Hmong-Mien	9	2	100.00
15	Indo-European	47	9	55.56
15	Afro-Asiatic	38	8	62.50
15	Tucanoan	10	2	100.00
15	Chocoan	5	1	100.00
15	Chibchan	15	3	66.67
15	Quechuan	6	1	100.00
15	Cariban	11	2	100.00
15	Uto-Aztecan	27	5	80.00
15	Nuclear-Macro-Je	7	1	0.00
15	Nakh-Daghestanian	20	4	100.00
15	Turkic	12	2	100.00
15	Uralic	19	4	50.00
15	Salishan	6	1	100.00
15	Tai-Kadai	5	1	100.00
15	Austroasiatic	54	11	81.82
15	Koiarian	6	1	100.00
15	Nuclear Trans New Guinea	39	8	0.00
15	Mongolic-Khitan	5	1	100.00
15	Dravidian	13	3	33.33
15	Tungusic	8	2	100.00
15	Unclassified	165	33	0.00
16	Sino-Tibetan	85	17	100.00
16	Austronesian	301	60	73.33
16	Mande	7	1	100.00
16	Atlantic-Congo	143	29	48.28
16	Pano-Tacanan	10	2	100.00
16	Pama-Nyungan	51	10	80.00
16	Arawakan	31	6	66.67
16	Tupian	15	3	66.67
16	Hmong-Mien	9	2	100.00
16	Indo-European	47	9	88.89
16	Afro-Asiatic	38	8	87.50
16	Tucanoan	10	2	100.00
16	Chocoan	5	1	100.00
16	Chibchan	15	3	66.67
16	Quechuan	6	1	100.00
16	Cariban	11	2	100.00
16	Uto-Aztecan	27	5	100.00
16	Nuclear-Macro-Je	7	1	100.00
16	Nakh-Daghestanian	20	4	100.00
16	Turkic	12	2	100.00
16	Uralic	19	4	75.00
16	Salishan	6	1	100.00
16	Tai-Kadai	5	1	100.00
16	Austroasiatic	54	11	90.91
16	Koiarian	6	1	100.00
16	Nuclear Trans New Guinea	39	8	12.50
16	Mongolic-Khitan	5	1	100.00
16	Dravidian	13	3	66.67
16	Tungusic	8	2	100.00
16	Unclassified	165	33	0.00
17	Sino-Tibetan	85	17	94.12
17	Austronesian	301	60	76.67
17	Mande	7	1	100.00
17	Atlantic-Congo	143	29	55.17
17	Pano-Tacanan	10	2	100.00
17	Pama-Nyungan	51	10	90.00
17	Arawakan	31	6	83.33
17	Tupian	15	3	100.00
17	Hmong-Mien	9	2	100.00
17	Indo-European	47	9	77.78
17	Afro-Asiatic	38	8	62.50
17	Tucanoan	10	2	100.00
17	Chocoan	5	1	100.00
17	Chibchan	15	3	33.33
17	Quechuan	6	1	100.00
17	Cariban	11	2	100.00
17	Uto-Aztecan	27	5	60.00
17	Nuclear-Macro-Je	7	1	100.00
17	Nakh-Daghestanian	20	4	100.00
17	Turkic	12	2	100.00
17	Uralic	19	4	100.00
17	Salishan	6	1	100.00
17	Tai-Kadai	5	1	100.00
17	Austroasiatic	54	11	90.91
17	Koiarian	6	1	100.00
17	Nuclear Trans New Guinea	39	8	0.00
17	Mongolic-Khitan	5	1	100.00
17	Dravidian	13	3	33.33
17	Tungusic	8	2	100.00
17	Unclassified	165	33	0.00
18	Sino-Tibetan	85	17	88.24
18	Austronesian	301	60	73.33
18	Mande	7	1	100.00
18	Atlantic-Congo	143	29	62.07
18	Pano-Tacanan	10	2	100.00
18	Pama-Nyungan	51	10	60.00
18	Arawakan	31	6	83.33
18	Tupian	15	3	66.67
18	Hmong-Mien	9	2	100.00
18	Indo-European	47	9	66.67
18	Afro-Asiatic	38	8	87.50
18	Tucanoan	10	2	50.00
18	Chocoan	5	1	100.00
18	Chibchan	15	3	33.33
18	Quechuan	6	1	100.00
18	Cariban	11	2	100.00
18	Uto-Aztecan	27	5	80.00
18	Nuclear-Macro-Je	7	1	0.00
18	Nakh-Daghestanian	20	4	100.00
18	Turkic	12	2	100.00
18	Uralic	19	4	100.00
18	Salishan	6	1	100.00
18	Tai-Kadai	5	1	100.00
18	Austroasiatic	54	11	63.64
18	Koiarian	6	1	100.00
18	Nuclear Trans New Guinea	39	8	12.50
18	Mongolic-Khitan	5	1	100.00
18	Dravidian	13	3	33.33
18	Tungusic	8	2	100.00
18	Unclassified	165	33	0.00
19	Sino-Tibetan	85	17	94.12
19	Austronesian	301	60	71.67
19	Mande	7	1	100.00
19	Atlantic-Congo	143	29	58.62
19	Pano-Tacanan	10	2	50.00
19	Pama-Nyungan	51	10	100.00
19	Arawakan	31	6	100.00
19	Tupian	15	3	100.00
19	Hmong-Mien	9	2	100.00
19	Indo-European	47	9	88.89
19	Afro-Asiatic	38	8	87.50
19	Tucanoan	10	2	100.00
19	Chocoan	5	1	100.00
19	Chibchan	15	3	100.00
19	Quechuan	6	1	100.00
19	Cariban	11	2	100.00
19	Uto-Aztecan	27	5	100.00
19	Nuclear-Macro-Je	7	1	0.00
19	Nakh-Daghestanian	20	4	100.00
19	Turkic	12	2	100.00
19	Uralic	19	4	75.00
19	Salishan	6	1	100.00
19	Tai-Kadai	5	1	100.00
19	Austroasiatic	54	11	90.91
19	Koiarian	6	1	0.00
19	Nuclear Trans New Guinea	39	8	12.50
19	Mongolic-Khitan	5	1	0.00
19	Dravidian	13	3	100.00
19	Tungusic	8	2	100.00
19	Unclassified	165	33	0.00
20	Sino-Tibetan	85	17	94.12
20	Austronesian	301	60	71.67
20	Mande	7	1	0.00
20	Atlantic-Congo	143	29	51.72
20	Pano-Tacanan	10	2	100.00
20	Pama-Nyungan	51	10	80.00
20	Arawakan	31	6	100.00
20	Tupian	15	3	100.00
20	Hmong-Mien	9	2	100.00
20	Indo-European	47	9	66.67
20	Afro-Asiatic	38	8	62.50
20	Tucanoan	10	2	0.00
20	Chocoan	5	1	0.00
20	Chibchan	15	3	66.67
20	Quechuan	6	1	100.00
20	Cariban	11	2	100.00
20	Uto-Aztecan	27	5	100.00
20	Nuclear-Macro-Je	7	1	0.00
20	Nakh-Daghestanian	20	4	100.00
20	Turkic	12	2	100.00
20	Uralic	19	4	100.00
20	Salishan	6	1	100.00
20	Tai-Kadai	5	1	100.00
20	Austroasiatic	54	11	81.82
20	Koiarian	6	1	100.00
20	Nuclear Trans New Guinea	39	8	0.00
20	Mongolic-Khitan	5	1	100.00
20	Dravidian	13	3	33.33
20	Tungusic	8	2	50.00
20	Unclassified	165	33	0.00
21	Sino-Tibetan	85	17	100.00
21	Austronesian	301	60	68.33
21	Mande	7	1	100.00
21	Atlantic-Congo	143	29	65.52
21	Pano-Tacanan	10	2	50.00
21	Pama-Nyungan	51	10	90.00
21	Arawakan	31	6	100.00
21	Tupian	15	3	66.67
21	Hmong-Mien	9	2	100.00
21	Indo-European	47	9	88.89
21	Afro-Asiatic	38	8	75.00
21	Tucanoan	10	2	100.00
21	Chocoan	5	1	100.00
21	Chibchan	15	3	66.67
21	Quechuan	6	1	100.00
21	Cariban	11	2	100.00
21	Uto-Aztecan	27	5	60.00
21	Nuclear-Macro-Je	7	1	100.00
21	Nakh-Daghestanian	20	4	100.00
21	Turkic	12	2	100.00
21	Uralic	19	4	75.00
21	Salishan	6	1	100.00
21	Tai-Kadai	5	1	100.00
21	Austroasiatic	54	11	63.64
21	Koiarian	6	1	0.00
21	Nuclear Trans New Guinea	39	8	12.50
21	Mongolic-Khitan	5	1	0.00
21	Dravidian	13	3	33.33
21	Tungusic	8	2	100.00
21	Unclassified	165	33	0.00
22	Sino-Tibetan	85	17	100.00
22	Austronesian	301	60	76.67
22	Mande	7	1	100.00
22	Atlantic-Congo	143	29	55.17
22	Pano-Tacanan	10	2	100.00
22	Pama-Nyungan	51	10	100.00
22	Arawakan	31	6	83.33
22	Tupian	15	3	100.00
22	Hmong-Mien	9	2	100.00
22	Indo-European	47	9	88.89
22	Afro-Asiatic	38	8	87.50
22	Tucanoan	10	2	100.00
22	Chocoan	5	1	100.00
22	Chibchan	15	3	66.67
22	Quechuan	6	1	100.00
22	Cariban	11	2	100.00
22	Uto-Aztecan	27	5	80.00
22	Nuclear-Macro-Je	7	1	0.00
22	Nakh-Daghestanian	20	4	100.00
22	Turkic	12	2	100.00
22	Uralic	19	4	75.00
22	Salishan	6	1	100.00
22	Tai-Kadai	5	1	100.00
22	Austroasiatic	54	11	54.55
22	Koiarian	6	1	0.00
22	Nuclear Trans New Guinea	39	8	12.50
22	Mongolic-Khitan	5	1	0.00
22	Dravidian	13	3	33.33
22	Tungusic	8	2	50.00
22	Unclassified	165	33	0.00
23	Sino-Tibetan	85	17	100.00
23	Austronesian	301	60	75.00
23	Mande	7	1	0.00
23	Atlantic-Congo	143	29	55.17
23	Pano-Tacanan	10	2	100.00
23	Pama-Nyungan	51	10	90.00
23	Arawakan	31	6	83.33
23	Tupian	15	3	100.00
23	Hmong-Mien	9	2	100.00
23	Indo-European	47	9	77.78
23	Afro-Asiatic	38	8	50.00
23	Tucanoan	10	2	100.00
23	Chocoan	5	1	0.00
23	Chibchan	15	3	100.00
23	Quechuan	6	1	100.00
23	Cariban	11	2	100.00
23	Uto-Aztecan	27	5	80.00
23	Nuclear-Macro-Je	7	1	0.00
23	Nakh-Daghestanian	20	4	100.00
23	Turkic	12	2	100.00
23	Uralic	19	4	50.00
23	Salishan	6	1	100.00
23	Tai-Kadai	5	1	100.00
23	Austroasiatic	54	11	81.82
23	Koiarian	6	1	100.00
23	Nuclear Trans New Guinea	39	8	12.50
23	Mongolic-Khitan	5	1	0.00
23	Dravidian	13	3	66.67
23	Tungusic	8	2	100.00
23	Unclassified	165	33	0.00
24	Sino-Tibetan	85	17	88.24
24	Austronesian	301	60	81.67
24	Mande	7	1	100.00
24	Atlantic-Congo	143	29	65.52
24	Pano-Tacanan	10	2	100.00
24	Pama-Nyungan	51	10	80.00
24	Arawakan	31	6	83.33
24	Tupian	15	3	100.00
24	Hmong-Mien	9	2	100.00
24	Indo-European	47	9	88.89
24	Afro-Asiatic	38	8	62.50
24	Tucanoan	10	2	50.00
24	Chocoan	5	1	100.00
24	Chibchan	15	3	100.00
24	Quechuan	6	1	100.00
24	Cariban	11	2	100.00
24	Uto-Aztecan	27	5	100.00
24	Nuclear-Macro-Je	7	1	0.00
24	Nakh-Daghestanian	20	4	100.00
24	Turkic	12	2	100.00
24	Uralic	19	4	75.00
24	Salishan	6	1	100.00
24	Tai-Kadai	5	1	100.00
24	Austroasiatic	54	11	81.82
24	Koiarian	6	1	100.00
24	Nuclear Trans New Guinea	39	8	0.00
24	Mongolic-Khitan	5	1	100.00
24	Dravidian	13	3	66.67
24	Tungusic	8	2	100.00
24	Unclassified	165	33	0.00
25	Sino-Tibetan	85	17	94.12
25	Austronesian	301	60	71.67
25	Mande	7	1	100.00
25	Atlantic-Congo	143	29	44.83
25	Pano-Tacanan	10	2	100.00
25	Pama-Nyungan	51	10	80.00
25	Arawakan	31	6	83.33
25	Tupian	15	3	100.00
25	Hmong-Mien	9	2	100.00
25	Indo-European	47	9	77.78
25	Afro-Asiatic	38	8	75.00
25	Tucanoan	10	2	50.00
25	Chocoan	5	1	0.00
25	Chibchan	15	3	66.67
25	Quechuan	6	1	100.00
25	Cariban	11	2	100.00
25	Uto-Aztecan	27	5	60.00
25	Nuclear-Macro-Je	7	1	0.00
25	Nakh-Daghestanian	20	4	100.00
25	Turkic	12	2	100.00
25	Uralic	19	4	50.00
25	Salishan	6	1	100.00
25	Tai-Kadai	5	1	100.00
25	Austroasiatic	54	11	81.82
25	Koiarian	6	1	0.00
25	Nuclear Trans New Guinea	39	8	12.50
25	Mongolic-Khitan	5	1	0.00
25	Dravidian	13	3	33.33
25	Tungusic	8	2	50.00
25	Unclassified	165	33	0.00
26	Sino-Tibetan	85	17	70.59
26	Austronesian	301	60	75.00
26	Mande	7	1	0.00
26	Atlantic-Congo	143	29	58.62
26	Pano-Tacanan	10	2	100.00
26	Pama-Nyungan	51	10	100.00
26	Arawakan	31	6	100.00
26	Tupian	15	3	66.67
26	Hmong-Mien	9	2	100.00
26	Indo-European	47	9	77.78
26	Afro-Asiatic	38	8	62.50
26	Tucanoan	10	2	50.00
26	Chocoan	5	1	100.00
26	Chibchan	15	3	66.67
26	Quechuan	6	1	100.00
26	Cariban	11	2	100.00
26	Uto-Aztecan	27	5	80.00
26	Nuclear-Macro-Je	7	1	0.00
26	Nakh-Daghestanian	20	4	100.00
26	Turkic	12	2	50.00
26	Uralic	19	4	75.00
26	Salishan	6	1	100.00
26	Tai-Kadai	5	1	100.00
26	Austroasiatic	54	11	90.91
26	Koiarian	6	1	0.00
26	Nuclear Trans New Guinea	39	8	0.00
26	Mongolic-Khitan	5	1	100.00
26	Dravidian	13	3	33.33
26	Tungusic	8	2	100.00
26	Unclassified	165	33	0.00
27	Sino-Tibetan	85	17	100.00
27	Austronesian	301	60	80.00
27	Mande	7	1	100.00
27	Atlantic-Congo	143	29	55.17
27	Pano-Tacanan	10	2	50.00
27	Pama-Nyungan	51	10	90.00
27	Arawakan	31	6	66.67
27	Tupian	15	3	100.00
27	Hmong-Mien	9	2	100.00
27	Indo-European	47	9	88.89
27	Afro-Asiatic	38	8	62.50
27	Tucanoan	10	2	50.00
27	Chocoan	5	1	100.00
27	Chibchan	15	3	66.67
27	Quechuan	6	1	100.00
27	Cariban	11	2	100.00
27	Uto-Aztecan	27	5	100.00
27	Nuclear-Macro-Je	7	1	0.00
27	Nakh-Daghestanian	20	4	100.00
27	Turkic	12	2	100.00
27	Uralic	19	4	75.00
27	Salishan	6	1	100.00
27	Tai-Kadai	5	1	100.00
27	Austroasiatic	54	11	72.73
27	Koiarian	6	1	0.00
27	Nuclear Trans New Guinea	39	8	12.50
27	Mongolic-Khitan	5	1	0.00
27	Dravidian	13	3	33.33
27	Tungusic	8	2	50.00
27	Unclassified	165	33	0.00
28	Sino-Tibetan	85	17	100.00
28	Austronesian	301	60	78.33
28	Mande	7	1	0.00
28	Atlantic-Congo	143	29	51.72
28	Pano-Tacanan	10	2	100.00
28	Pama-Nyungan	51	10	90.00
28	Arawakan	31	6	83.33
28	Tupian	15	3	100.00
28	Hmong-Mien	9	2	100.00
28	Indo-European	47	9	66.67
28	Afro-Asiatic	38	8	75.00
28	Tucanoan	10	2	100.00
28	Chocoan	5	1	100.00
28	Chibchan	15	3	100.00
28	Quechuan	6	1	100.00
28	Cariban	11	2	100.00
28	Uto-Aztecan	27	5	100.00
28	Nuclear-Macro-Je	7	1	0.00
28	Nakh-Daghestanian	20	4	100.00
28	Turkic	12	2	50.00
28	Uralic	19	4	50.00
28	Salishan	6	1	100.00
28	Tai-Kadai	5	1	100.00
28	Austroasiatic	54	11	81.82
28	Koiarian	6	1	0.00
28	Nuclear Trans New Guinea	39	8	12.50
28	Mongolic-Khitan	5	1	100.00
28	Dravidian	13	3	100.00
28	Tungusic	8	2	50.00
28	Unclassified	165	33	0.00
29	Sino-Tibetan	85	17	100.00
29	Austronesian	301	60	76.67
29	Mande	7	1	100.00
29	Atlantic-Congo	143	29	62.07
29	Pano-Tacanan	10	2	100.00
29	Pama-Nyungan	51	10	70.00
29	Arawakan	31	6	66.67
29	Tupian	15	3	66.67
29	Hmong-Mien	9	2	100.00
29	Indo-European	47	9	66.67
29	Afro-Asiatic	38	8	75.00
29	Tucanoan	10	2	100.00
29	Chocoan	5	1	100.00
29	Chibchan	15	3	100.00
29	Quechuan	6	1	100.00
29	Cariban	11	2	100.00
29	Uto-Aztecan	27	5	100.00
29	Nuclear-Macro-Je	7	1	0.00
29	Nakh-Daghestanian	20	4	100.00
29	Turkic	12	2	100.00
29	Uralic	19	4	75.00
29	Salishan	6	1	100.00
29	Tai-Kadai	5	1	100.00
29	Austroasiatic	54	11	45.45
29	Koiarian	6	1	100.00
29	Nuclear Trans New Guinea	39	8	12.50
29	Mongolic-Khitan	5	1	0.00
29	Dravidian	13	3	33.33
29	Tungusic	8	2	100.00
29	Unclassified	165	33	0.00
30	Sino-Tibetan	85	17	88.24
30	Austronesian	301	60	70.00
30	Mande	7	1	0.00
30	Atlantic-Congo	143	29	62.07
30	Pano-Tacanan	10	2	50.00
30	Pama-Nyungan	51	10	70.00
30	Arawakan	31	6	83.33
30	Tupian	15	3	66.67
30	Hmong-Mien	9	2	100.00
30	Indo-European	47	9	88.89
30	Afro-Asiatic	38	8	50.00
30	Tucanoan	10	2	0.00
30	Chocoan	5	1	100.00
30	Chibchan	15	3	100.00
30	Quechuan	6	1	100.00
30	Cariban	11	2	100.00
30	Uto-Aztecan	27	5	80.00
30	Nuclear-Macro-Je	7	1	0.00
30	Nakh-Daghestanian	20	4	100.00
30	Turkic	12	2	100.00
30	Uralic	19	4	50.00
30	Salishan	6	1	100.00
30	Tai-Kadai	5	1	100.00
30	Austroasiatic	54	11	54.55
30	Koiarian	6	1	0.00
30	Nuclear Trans New Guinea	39	8	12.50
30	Mongolic-Khitan	5	1	100.00
30	Dravidian	13	3	0.00
30	Tungusic	8	2	50.00
30	Unclassified	165	33	0.00
31	Sino-Tibetan	85	17	94.12
31	Austronesian	301	60	76.67
31	Mande	7	1	100.00
31	Atlantic-Congo	143	29	51.72
31	Pano-Tacanan	10	2	100.00
31	Pama-Nyungan	51	10	90.00
31	Arawakan	31	6	66.67
31	Tupian	15	3	100.00
31	Hmong-Mien	9	2	100.00
31	Indo-European	47	9	88.89
31	Afro-Asiatic	38	8	87.50
31	Tucanoan	10	2	100.00
31	Chocoan	5	1	100.00
31	Chibchan	15	3	100.00
31	Quechuan	6	1	100.00
31	Cariban	11	2	100.00
31	Uto-Aztecan	27	5	100.00
31	Nuclear-Macro-Je	7	1	0.00
31	Nakh-Daghestanian	20	4	100.00
31	Turkic	12	2	100.00
31	Uralic	19	4	50.00
31	Salishan	6	1	100.00
31	Tai-Kadai	5	1	100.00
31	Austroasiatic	54	11	54.55
31	Koiarian	6	1	100.00
31	Nuclear Trans New Guinea	39	8	0.00
31	Mongolic-Khitan	5	1	100.00
31	Dravidian	13	3	33.33
31	Tungusic	8	2	100.00
31	Unclassified	165	33	0.00
32	Sino-Tibetan	85	17	94.12
32	Austronesian	301	60	80.00
32	Mande	7	1	100.00
32	Atlantic-Congo	143	29	41.38
32	Pano-Tacanan	10	2	50.00
32	Pama-Nyungan	51	10	90.00
32	Arawakan	31	6	83.33
32	Tupian	15	3	66.67
32	Hmong-Mien	9	2	100.00
32	Indo-European	47	9	88.89
32	Afro-Asiatic	38	8	75.00
32	Tucanoan	10	2	50.00
32	Chocoan	5	1	100.00
32	Chibchan	15	3	66.67
32	Quechuan	6	1	100.00
32	Cariban	11	2	100.00
32	Uto-Aztecan	27	5	100.00
32	Nuclear-Macro-Je	7	1	0.00
32	Nakh-Daghestanian	20	4	100.00
32	Turkic	12	2	100.00
32	Uralic	19	4	50.00
32	Salishan	6	1	100.00
32	Tai-Kadai	5	1	100.00
32	Austroasiatic	54	11	90.91
32	Koiarian	6	1	100.00
32	Nuclear Trans New Guinea	39	8	0.00
32	Mongolic-Khitan	5	1	100.00
32	Dravidian	13	3	0.00
32	Tungusic	8	2	100.00
32	Unclassified	165	33	0.00
33	Sino-Tibetan	85	17	100.00
33	Austronesian	301	60	70.00
33	Mande	7	1	0.00
33	Atlantic-Congo	143	29	51.72
33	Pano-Tacanan	10	2	100.00
33	Pama-Nyungan	51	10	80.00
33	Arawakan	31	6	66.67
33	Tupian	15	3	100.00
33	Hmong-Mien	9	2	100.00
33	Indo-European	47	9	66.67
33	Afro-Asiatic	38	8	75.00
33	Tucanoan	10	2	100.00
33	Chocoan	5	1	0.00
33	Chibchan	15	3	33.33
33	Quechuan	6	1	100.00
33	Cariban	11	2	100.00
33	Uto-Aztecan	27	5	80.00
33	Nuclear-Macro-Je	7	1	0.00
33	Nakh-Daghestanian	20	4	100.00
33	Turkic	12	2	100.00
33	Uralic	19	4	50.00
33	Salishan	6	1	100.00
33	Tai-Kadai	5	1	100.00
33	Austroasiatic	54	11	63.64
33	Koiarian	6	1	0.00
33	Nuclear Trans New Guinea	39	8	12.50
33	Mongolic-Khitan	5	1	100.00
33	Dravidian	13	3	33.33
33	Tungusic	8	2	100.00
33	Unclassified	165	33	0.00
34	Sino-Tibetan	85	17	88.24
34	Austronesian	301	60	73.33
34	Mande	7	1	100.00
34	Atlantic-Congo	143	29	41.38
34	Pano-Tacanan	10	2	100.00
34	Pama-Nyungan	51	10	90.00
34	Arawakan	31	6	66.67
34	Tupian	15	3	100.00
34	Hmong-Mien	9	2	100.00
34	Indo-European	47	9	66.67
34	Afro-Asiatic	38	8	87.50
34	Tucanoan	10	2	100.00
34	Chocoan	5	1	100.00
34	Chibchan	15	3	66.67
34	Quechuan	6	1	100.00
34	Cariban	11	2	100.00
34	Uto-Aztecan	27	5	100.00
34	Nuclear-Macro-Je	7	1	0.00
34	Nakh-Daghestanian	20	4	100.00
34	Turkic	12	2	100.00
34	Uralic	19	4	100.00
34	Salishan	6	1	100.00
34	Tai-Kadai	5	1	100.00
34	Austroasiatic	54	11	90.91
34	Koiarian	6	1	100.00
34	Nuclear Trans New Guinea	39	8	12.50
34	Mongolic-Khitan	5	1	100.00
34	Dravidian	13	3	33.33
34	Tungusic	8	2	100.00
34	Unclassified	165	33	0.00
35	Sino-Tibetan	85	17	94.12
35	Austronesian	301	60	73.33
35	Mande	7	1	100.00
35	Atlantic-Congo	143	29	68.97
35	Pano-Tacanan	10	2	100.00
35	Pama-Nyungan	51	10	80.00
35	Arawakan	31	6	83.33
35	Tupian	15	3	100.00
35	Hmong-Mien	9	2	100.00
35	Indo-European	47	9	77.78
35	Afro-Asiatic	38	8	50.00
35	Tucanoan	10	2	100.00
35	Chocoan	5	1	100.00
35	Chibchan	15	3	33.33
35	Quechuan	6	1	100.00
35	Cariban	11	2	100.00
35	Uto-Aztecan	27	5	60.00
35	Nuclear-Macro-Je	7	1	0.00
35	Nakh-Daghestanian	20	4	100.00
35	Turkic	12	2	100.00
35	Uralic	19	4	75.00
35	Salishan	6	1	100.00
35	Tai-Kadai	5	1	100.00
35	Austroasiatic	54	11	81.82
35	Koiarian	6	1	0.00
35	Nuclear Trans New Guinea	39	8	0.00
35	Mongolic-Khitan	5	1	0.00
35	Dravidian	13	3	33.33
35	Tungusic	8	2	100.00
35	Unclassified	165	33	0.00
36	Sino-Tibetan	85	17	94.12
36	Austronesian	301	60	71.67
36	Mande	7	1	100.00
36	Atlantic-Congo	143	29	44.83
36	Pano-Tacanan	10	2	100.00
36	Pama-Nyungan	51	10	90.00
36	Arawakan	31	6	50.00
36	Tupian	15	3	100.00
36	Hmong-Mien	9	2	100.00
36	Indo-European	47	9	88.89
36	Afro-Asiatic	38	8	87.50
36	Tucanoan	10	2	100.00
36	Chocoan	5	1	100.00
36	Chibchan	15	3	66.67
36	Quechuan	6	1	100.00
36	Cariban	11	2	100.00
36	Uto-Aztecan	27	5	80.00
36	Nuclear-Macro-Je	7	1	0.00
36	Nakh-Daghestanian	20	4	100.00
36	Turkic	12	2	100.00
36	Uralic	19	4	75.00
36	Salishan	6	1	100.00
36	Tai-Kadai	5	1	100.00
36	Austroasiatic	54	11	54.55
36	Koiarian	6	1	100.00
36	Nuclear Trans New Guinea	39	8	12.50
36	Mongolic-Khitan	5	1	100.00
36	Dravidian	13	3	0.00
36	Tungusic	8	2	100.00
36	Unclassified	165	33	0.00
37	Sino-Tibetan	85	17	100.00
37	Austronesian	301	60	75.00
37	Mande	7	1	100.00
37	Atlantic-Congo	143	29	51.72
37	Pano-Tacanan	10	2	50.00
37	Pama-Nyungan	51	10	100.00
37	Arawakan	31	6	83.33
37	Tupian	15	3	66.67
37	Hmong-Mien	9	2	100.00
37	Indo-European	47	9	66.67
37	Afro-Asiatic	38	8	75.00
37	Tucanoan	10	2	100.00
37	Chocoan	5	1	100.00
37	Chibchan	15	3	66.67
37	Quechuan	6	1	100.00
37	Cariban	11	2	100.00
37	Uto-Aztecan	27	5	100.00
37	Nuclear-Macro-Je	7	1	100.00
37	Nakh-Daghestanian	20	4	100.00
37	Turkic	12	2	100.00
37	Uralic	19	4	75.00
37	Salishan	6	1	100.00
37	Tai-Kadai	5	1	100.00
37	Austroasiatic	54	11	72.73
37	Koiarian	6	1	100.00
37	Nuclear Trans New Guinea	39	8	25.00
37	Mongolic-Khitan	5	1	100.00
37	Dravidian	13	3	0.00
37	Tungusic	8	2	100.00
37	Unclassified	165	33	0.00
38	Sino-Tibetan	85	17	94.12
38	Austronesian	301	60	73.33
38	Mande	7	1	0.00
38	Atlantic-Congo	143	29	37.93
38	Pano-Tacanan	10	2	100.00
38	Pama-Nyungan	51	10	100.00
38	Arawakan	31	6	66.67
38	Tupian	15	3	100.00
38	Hmong-Mien	9	2	100.00
38	Indo-European	47	9	77.78
38	Afro-Asiatic	38	8	75.00
38	Tucanoan	10	2	100.00
38	Chocoan	5	1	100.00
38	Chibchan	15	3	100.00
38	Quechuan	6	1	100.00
38	Cariban	11	2	100.00
38	Uto-Aztecan	27	5	60.00
38	Nuclear-Macro-Je	7	1	100.00
38	Nakh-Daghestanian	20	4	100.00
38	Turkic	12	2	50.00
38	Uralic	19	4	50.00
38	Salishan	6	1	100.00
38	Tai-Kadai	5	1	100.00
38	Austroasiatic	54	11	81.82
38	Koiarian	6	1	100.00
38	Nuclear Trans New Guinea	39	8	0.00
38	Mongolic-Khitan	5	1	0.00
38	Dravidian	13	3	33.33
38	Tungusic	8	2	100.00
38	Unclassified	165	33	0.00
39	Sino-Tibetan	85	17	94.12
39	Austronesian	301	60	65.00
39	Mande	7	1	100.00
39	Atlantic-Congo	143	29	72.41
39	Pano-Tacanan	10	2	50.00
39	Pama-Nyungan	51	10	70.00
39	Arawakan	31	6	83.33
39	Tupian	15	3	100.00
39	Hmong-Mien	9	2	100.00
39	Indo-European	47	9	100.00
39	Afro-Asiatic	38	8	75.00
39	Tucanoan	10	2	100.00
39	Chocoan	5	1	100.00
39	Chibchan	15	3	66.67
39	Quechuan	6	1	100.00
39	Cariban	11	2	100.00
39	Uto-Aztecan	27	5	60.00
39	Nuclear-Macro-Je	7	1	0.00
39	Nakh-Daghestanian	20	4	100.00
39	Turkic	12	2	100.00
39	Uralic	19	4	50.00
39	Salishan	6	1	100.00
39	Tai-Kadai	5	1	100.00
39	Austroasiatic	54	11	90.91
39	Koiarian	6	1	100.00
39	Nuclear Trans New Guinea	39	8	37.50
39	Mongolic-Khitan	5	1	100.00
39	Dravidian	13	3	0.00
39	Tungusic	8	2	50.00
39	Unclassified	165	33	0.00
40	Sino-Tibetan	85	17	100.00
40	Austronesian	301	60	85.00
40	Mande	7	1	0.00
40	Atlantic-Congo	143	29	48.28
40	Pano-Tacanan	10	2	100.00
40	Pama-Nyungan	51	10	90.00
40	Arawakan	31	6	83.33
40	Tupian	15	3	66.67
40	Hmong-Mien	9	2	100.00
40	Indo-European	47	9	88.89
40	Afro-Asiatic	38	8	75.00
40	Tucanoan	10	2	100.00
40	Chocoan	5	1	100.00
40	Chibchan	15	3	66.67
40	Quechuan	6	1	100.00
40	Cariban	11	2	100.00
40	Uto-Aztecan	27	5	80.00
40	Nuclear-Macro-Je	7	1	0.00
40	Nakh-Daghestanian	20	4	100.00
40	Turkic	12	2	100.00
40	Uralic	19	4	75.00
40	Salishan	6	1	100.00
40	Tai-Kadai	5	1	100.00
40	Austroasiatic	54	11	72.73
40	Koiarian	6	1	0.00
40	Nuclear Trans New Guinea	39	8	12.50
40	Mongolic-Khitan	5	1	0.00
40	Dravidian	13	3	33.33
40	Tungusic	8	2	100.00
40	Unclassified	165	33	0.00
41	Sino-Tibetan	85	17	100.00
41	Austronesian	301	60	78.33
41	Mande	7	1	100.00
41	Atlantic-Congo	143	29	51.72
41	Pano-Tacanan	10	2	100.00
41	Pama-Nyungan	51	10	80.00
41	Arawakan	31	6	83.33
41	Tupian	15	3	100.00
41	Hmong-Mien	9	2	100.00
41	Indo-European	47	9	77.78
41	Afro-Asiatic	38	8	75.00
41	Tucanoan	10	2	100.00
41	Chocoan	5	1	100.00
41	Chibchan	15	3	100.00
41	Quechuan	6	1	100.00
41	Cariban	11	2	100.00
41	Uto-Aztecan	27	5	80.00
41	Nuclear-Macro-Je	7	1	0.00
41	Nakh-Daghestanian	20	4	100.00
41	Turkic	12	2	50.00
41	Uralic	19	4	50.00
41	Salishan	6	1	100.00
41	Tai-Kadai	5	1	100.00
41	Austroasiatic	54	11	81.82
41	Koiarian	6	1	0.00
41	Nuclear Trans New Guinea	39	8	12.50
41	Mongolic-Khitan	5	1	100.00
41	Dravidian	13	3	33.33
41	Tungusic	8	2	50.00
41	Unclassified	165	33	0.00
42	Sino-Tibetan	85	17	100.00
42	Austronesian	301	60	81.67
42	Mande	7	1	0.00
42	Atlantic-Congo	143	29	44.83
42	Pano-Tacanan	10	2	100.00
42	Pama-Nyungan	51	10	100.00
42	Arawakan	31	6	83.33
42	Tupian	15	3	100.00
42	Hmong-Mien	9	2	100.00
42	Indo-European	47	9	88.89
42	Afro-Asiatic	38	8	87.50
42	Tucanoan	10	2	100.00
42	Chocoan	5	1	100.00
42	Chibchan	15	3	33.33
42	Quechuan	6	1	100.00
42	Cariban	11	2	100.00
42	Uto-Aztecan	27	5	80.00
42	Nuclear-Macro-Je	7	1	0.00
42	Nakh-Daghestanian	20	4	100.00
42	Turkic	12	2	100.00
42	Uralic	19	4	75.00
42	Salishan	6	1	100.00
42	Tai-Kadai	5	1	100.00
42	Austroasiatic	54	11	72.73
42	Koiarian	6	1	0.00
42	Nuclear Trans New Guinea	39	8	12.50
42	Mongolic-Khitan	5	1	100.00
42	Dravidian	13	3	33.33
42	Tungusic	8	2	100.00
42	Unclassified	165	33	0.00
43	Sino-Tibetan	85	17	100.00
43	Austronesian	301	60	81.67
43	Mande	7	1	100.00
43	Atlantic-Congo	143	29	58.62
43	Pano-Tacanan	10	2	50.00
43	Pama-Nyungan	51	10	100.00
43	Arawakan	31	6	83.33
43	Tupian	15	3	100.00
43	Hmong-Mien	9	2	100.00
43	Indo-European	47	9	88.89
43	Afro-Asiatic	38	8	75.00
43	Tucanoan	10	2	100.00
43	Chocoan	5	1	0.00
43	Chibchan	15	3	100.00
43	Quechuan	6	1	100.00
43	Cariban	11	2	100.00
43	Uto-Aztecan	27	5	100.00
43	Nuclear-Macro-Je	7	1	0.00
43	Nakh-Daghestanian	20	4	100.00
43	Turkic	12	2	100.00
43	Uralic	19	4	75.00
43	Salishan	6	1	100.00
43	Tai-Kadai	5	1	100.00
43	Austroasiatic	54	11	81.82
43	Koiarian	6	1	0.00
43	Nuclear Trans New Guinea	39	8	12.50
43	Mongolic-Khitan	5	1	0.00
43	Dravidian	13	3	100.00
43	Tungusic	8	2	100.00
43	Unclassified	165	33	0.00
44	Sino-Tibetan	85	17	100.00
44	Austronesian	301	60	71.67
44	Mande	7	1	100.00
44	Atlantic-Congo	143	29	58.62
44	Pano-Tacanan	10	2	0.00
44	Pama-Nyungan	51	10	90.00
44	Arawakan	31	6	66.67
44	Tupian	15	3	100.00
44	Hmong-Mien	9	2	100.00
44	Indo-European	47	9	66.67
44	Afro-Asiatic	38	8	87.50
44	Tucanoan	10	2	100.00
44	Chocoan	5	1	0.00
44	Chibchan	15	3	100.00
44	Quechuan	6	1	100.00
44	Cariban	11	2	100.00
44	Uto-Aztecan	27	5	100.00
44	Nuclear-Macro-Je	7	1	0.00
44	Nakh-Daghestanian	20	4	100.00
44	Turkic	12	2	100.00
44	Uralic	19	4	50.00
44	Salishan	6	1	100.00
44	Tai-Kadai	5	1	100.00
44	Austroasiatic	54	11	81.82
44	Koiarian	6	1	100.00
44	Nuclear Trans New Guinea	39	8	25.00
44	Mongolic-Khitan	5	1	100.00
44	Dravidian	13	3	33.33
44	Tungusic	8	2	50.00
44	Unclassified	165	33	0.00
45	Sino-Tibetan	85	17	94.12
45	Austronesian	301	60	75.00
45	Mande	7	1	100.00
45	Atlantic-Congo	143	29	41.38
45	Pano-Tacanan	10	2	100.00
45	Pama-Nyungan	51	10	100.00
45	Arawakan	31	6	100.00
45	Tupian	15	3	66.67
45	Hmong-Mien	9	2	100.00
45	Indo-European	47	9	77.78
45	Afro-Asiatic	38	8	75.00
45	Tucanoan	10	2	50.00
45	Chocoan	5	1	100.00
45	Chibchan	15	3	100.00
45	Quechuan	6	1	100.00
45	Cariban	11	2	100.00
45	Uto-Aztecan	27	5	80.00
45	Nuclear-Macro-Je	7	1	0.00
45	Nakh-Daghestanian	20	4	100.00
45	Turkic	12	2	100.00
45	Uralic	19	4	100.00
45	Salishan	6	1	100.00
45	Tai-Kadai	5	1	100.00
45	Austroasiatic	54	11	90.91
45	Koiarian	6	1	100.00
45	Nuclear Trans New Guinea	39	8	12.50
45	Mongolic-Khitan	5	1	0.00
45	Dravidian	13	3	100.00
45	Tungusic	8	2	50.00
45	Unclassified	165	33	0.00
46	Sino-Tibetan	85	17	88.24
46	Austronesian	301	60	68.33
46	Mande	7	1	100.00
46	Atlantic-Congo	143	29	48.28
46	Pano-Tacanan	10	2	100.00
46	Pama-Nyungan	51	10	70.00
46	Arawakan	31	6	83.33
46	Tupian	15	3	100.00
46	Hmong-Mien	9	2	100.00
46	Indo-European	47	9	77.78
46	Afro-Asiatic	38	8	62.50
46	Tucanoan	10	2	50.00
46	Chocoan	5	1	100.00
46	Chibchan	15	3	66.67
46	Quechuan	6	1	100.00
46	Cariban	11	2	100.00
46	Uto-Aztecan	27	5	100.00
46	Nuclear-Macro-Je	7	1	0.00
46	Nakh-Daghestanian	20	4	100.00
46	Turkic	12	2	100.00
46	Uralic	19	4	100.00
46	Salishan	6	1	100.00
46	Tai-Kadai	5	1	100.00
46	Austroasiatic	54	11	63.64
46	Koiarian	6	1	100.00
46	Nuclear Trans New Guinea	39	8	12.50
46	Mongolic-Khitan	5	1	100.00
46	Dravidian	13	3	0.00
46	Tungusic	8	2	100.00
46	Unclassified	165	33	0.00
47	Sino-Tibetan	85	17	100.00
47	Austronesian	301	60	71.67
47	Mande	7	1	100.00
47	Atlantic-Congo	143	29	44.83
47	Pano-Tacanan	10	2	50.00
47	Pama-Nyungan	51	10	80.00
47	Arawakan	31	6	83.33
47	Tupian	15	3	100.00
47	Hmong-Mien	9	2	100.00
47	Indo-European	47	9	66.67
47	Afro-Asiatic	38	8	62.50
47	Tucanoan	10	2	50.00
47	Chocoan	5	1	100.00
47	Chibchan	15	3	66.67
47	Quechuan	6	1	100.00
47	Cariban	11	2	100.00
47	Uto-Aztecan	27	5	100.00
47	Nuclear-Macro-Je	7	1	0.00
47	Nakh-Daghestanian	20	4	100.00
47	Turkic	12	2	100.00
47	Uralic	19	4	75.00
47	Salishan	6	1	100.00
47	Tai-Kadai	5	1	100.00
47	Austroasiatic	54	11	72.73
47	Koiarian	6	1	0.00
47	Nuclear Trans New Guinea	39	8	12.50
47	Mongolic-Khitan	5	1	100.00
47	Dravidian	13	3	33.33
47	Tungusic	8	2	50.00
47	Unclassified	165	33	0.00
48	Sino-Tibetan	85	17	94.12
48	Austronesian	301	60	81.67
48	Mande	7	1	0.00
48	Atlantic-Congo	143	29	37.93
48	Pano-Tacanan	10	2	100.00
48	Pama-Nyungan	51	10	100.00
48	Arawakan	31	6	83.33
48	Tupian	15	3	66.67
48	Hmong-Mien	9	2	100.00
48	Indo-European	47	9	88.89
48	Afro-Asiatic	38	8	62.50
48	Tucanoan	10	2	100.00
48	Chocoan	5	1	100.00
48	Chibchan	15	3	33.33
48	Quechuan	6	1	100.00
48	Cariban	11	2	100.00
48	Uto-Aztecan	27	5	100.00
48	Nuclear-Macro-Je	7	1	0.00
48	Nakh-Daghestanian	20	4	100.00
48	Turkic	12	2	100.00
48	Uralic	19	4	25.00
48	Salishan	6	1	100.00
48	Tai-Kadai	5	1	100.00
48	Austroasiatic	54	11	72.73
48	Koiarian	6	1	0.00
48	Nuclear Trans New Guinea	39	8	0.00
48	Mongolic-Khitan	5	1	100.00
48	Dravidian	13	3	33.33
48	Tungusic	8	2	50.00
48	Unclassified	165	33	0.00
